trans_date,account_id,trans_type,amount,total_withdrawals_5d,num_withdrawals_5d,anomaly_label
2013-09-07,47,WITHDRAWAL,5600.0,5600.0,1.0,0
2013-10-07,47,WITHDRAWAL,21400.0,21400.0,1.0,0
2013-11-06,47,WITHDRAWAL,28000.0,28000.0,1.0,0
2013-12-06,47,WITHDRAWAL,31700.0,31700.0,1.0,0
2013-12-11,47,WITHDRAWAL,63300.0,63300.0,1.0,0
2013-12-13,47,WITHDRAWAL,6940.0,70240.0,2.0,0
2013-12-14,47,WITHDRAWAL,9.0,70249.0,3.0,0
2013-12-22,47,WITHDRAWAL,2400.0,2400.0,1.0,0
2013-12-31,47,WITHDRAWAL,14.6,14.6,1.0,0
2014-01-03,47,WITHDRAWAL,2700.0,2714.6,2.0,0
2014-01-05,47,WITHDRAWAL,174.0,2874.0,2.0,0
2014-01-05,47,WITHDRAWAL,5100.0,7974.0,3.0,0
2014-01-06,47,WITHDRAWAL,141.0,8115.0,4.0,0
2014-01-13,47,WITHDRAWAL,6940.0,6940.0,1.0,0
2014-01-14,47,WITHDRAWAL,9.0,6949.0,2.0,0
2014-01-15,47,WITHDRAWAL,16500.0,23449.0,3.0,0
2014-01-19,47,WITHDRAWAL,3900.0,20400.0,2.0,0
2014-01-19,47,WITHDRAWAL,7200.0,27600.0,3.0,0
2014-01-21,47,WITHDRAWAL,5100.0,16200.0,3.0,0
2014-01-27,47,WITHDRAWAL,4500.0,4500.0,1.0,0
2014-01-31,47,WITHDRAWAL,14.6,4514.6,2.0,0
2014-02-05,47,WITHDRAWAL,174.0,174.0,1.0,0
2014-02-06,47,WITHDRAWAL,141.0,315.0,2.0,0
2014-02-13,47,WITHDRAWAL,6940.0,6940.0,1.0,0
2014-02-14,47,WITHDRAWAL,9.0,6949.0,2.0,0
2014-02-28,47,WITHDRAWAL,14.6,14.6,1.0,0
2014-03-05,47,WITHDRAWAL,174.0,174.0,1.0,0
2014-03-06,47,WITHDRAWAL,141.0,315.0,2.0,0
2014-03-06,47,WITHDRAWAL,12200.0,12515.0,3.0,0
2014-03-13,47,WITHDRAWAL,6940.0,6940.0,1.0,0
2014-03-14,47,WITHDRAWAL,9.0,6949.0,2.0,0
2014-03-31,47,WITHDRAWAL,14.6,14.6,1.0,0
2014-04-05,47,WITHDRAWAL,174.0,174.0,1.0,0
2014-04-05,47,WITHDRAWAL,20700.0,20874.0,2.0,0
2014-04-06,47,WITHDRAWAL,141.0,21015.0,3.0,0
2014-04-13,47,WITHDRAWAL,6940.0,6940.0,1.0,0
2014-04-14,47,WITHDRAWAL,9.0,6949.0,2.0,0
2014-04-30,47,WITHDRAWAL,14.6,14.6,1.0,0
2014-05-05,47,WITHDRAWAL,174.0,174.0,1.0,0
2014-05-05,47,WITHDRAWAL,24100.0,24274.0,2.0,0
2014-05-06,47,WITHDRAWAL,141.0,24415.0,3.0,0
2014-05-13,47,WITHDRAWAL,6940.0,6940.0,1.0,0
2014-05-14,47,WITHDRAWAL,9.0,6949.0,2.0,0
2014-05-31,47,WITHDRAWAL,14.6,14.6,1.0,0
2014-06-04,47,WITHDRAWAL,26400.0,26414.6,2.0,0
2014-06-05,47,WITHDRAWAL,174.0,26574.0,2.0,0
2014-06-06,47,WITHDRAWAL,141.0,26715.0,3.0,0
2014-06-11,47,WITHDRAWAL,38400.0,38400.0,1.0,0
2014-06-13,47,WITHDRAWAL,6940.0,45340.0,2.0,0
2014-06-14,47,WITHDRAWAL,9.0,45349.0,3.0,0
2014-06-30,47,WITHDRAWAL,14.6,14.6,1.0,0
2014-07-04,47,WITHDRAWAL,19700.0,19714.6,2.0,0
2014-07-05,47,WITHDRAWAL,174.0,19874.0,2.0,0
2014-07-06,47,WITHDRAWAL,141.0,20015.0,3.0,0
2014-07-13,47,WITHDRAWAL,6940.0,6940.0,1.0,0
2014-07-14,47,WITHDRAWAL,9.0,6949.0,2.0,0
2014-07-31,47,WITHDRAWAL,14.6,14.6,1.0,0
2014-08-03,47,WITHDRAWAL,23800.0,23814.6,2.0,0
2014-08-05,47,WITHDRAWAL,174.0,23974.0,2.0,0
2014-08-06,47,WITHDRAWAL,141.0,24115.0,3.0,0
2014-08-13,47,WITHDRAWAL,6940.0,6940.0,1.0,0
2014-08-14,47,WITHDRAWAL,9.0,6949.0,2.0,0
2014-08-31,47,WITHDRAWAL,14.6,14.6,1.0,0
2014-09-02,47,WITHDRAWAL,21800.0,21814.6,2.0,0
2014-09-05,47,WITHDRAWAL,174.0,21974.0,2.0,0
2014-09-06,47,WITHDRAWAL,141.0,22115.0,3.0,0
2014-09-13,47,WITHDRAWAL,6940.0,6940.0,1.0,0
2014-09-14,47,WITHDRAWAL,9.0,6949.0,2.0,0
2014-09-30,47,WITHDRAWAL,14.6,14.6,1.0,0
2014-10-02,47,WITHDRAWAL,27700.0,27714.6,2.0,0
2014-10-05,47,WITHDRAWAL,174.0,27874.0,2.0,0
2014-10-05,47,WITHDRAWAL,9000.0,36874.0,3.0,0
2014-10-06,47,WITHDRAWAL,141.0,37015.0,4.0,0
2014-10-13,47,WITHDRAWAL,6940.0,6940.0,1.0,0
2014-10-14,47,WITHDRAWAL,9.0,6949.0,2.0,0
2014-10-31,47,WITHDRAWAL,14.6,14.6,1.0,0
2014-11-01,47,WITHDRAWAL,1900.0,1914.6,2.0,0
2014-11-05,47,WITHDRAWAL,174.0,2074.0,2.0,0
2014-11-06,47,WITHDRAWAL,141.0,315.0,2.0,0
2014-11-13,47,WITHDRAWAL,6940.0,6940.0,1.0,0
2014-11-14,47,WITHDRAWAL,9.0,6949.0,2.0,0
2014-11-30,47,WITHDRAWAL,14.6,14.6,1.0,0
2014-12-01,47,WITHDRAWAL,12600.0,12614.6,2.0,0
2014-12-05,47,WITHDRAWAL,174.0,12774.0,2.0,0
2014-12-05,47,WITHDRAWAL,5400.0,18174.0,3.0,0
2014-12-06,47,WITHDRAWAL,141.0,5715.0,3.0,0
2014-12-13,47,WITHDRAWAL,6940.0,6940.0,1.0,0
2014-12-14,47,WITHDRAWAL,9.0,6949.0,2.0,0
2014-12-16,47,WITHDRAWAL,6900.0,13849.0,3.0,0
2014-12-31,47,WITHDRAWAL,14.6,14.6,1.0,0
2014-12-31,47,WITHDRAWAL,24200.0,24214.6,2.0,0
2015-01-04,47,WITHDRAWAL,5700.0,29914.6,3.0,0
2015-01-05,47,WITHDRAWAL,174.0,5874.0,2.0,0
2015-01-06,47,WITHDRAWAL,141.0,6015.0,3.0,0
2015-01-11,47,WITHDRAWAL,3900.0,3900.0,1.0,0
2015-01-13,47,WITHDRAWAL,6940.0,10840.0,2.0,0
2015-01-14,47,WITHDRAWAL,9.0,10849.0,3.0,0
2015-01-15,47,WITHDRAWAL,16200.0,27049.0,4.0,0
2015-01-15,47,WITHDRAWAL,3000.0,30049.0,5.0,0
2015-01-26,47,WITHDRAWAL,2700.0,2700.0,1.0,0
2015-01-31,47,WITHDRAWAL,14.6,14.6,1.0,0
2015-02-05,47,WITHDRAWAL,174.0,174.0,1.0,0
2015-02-06,47,WITHDRAWAL,141.0,315.0,2.0,0
2015-02-13,47,WITHDRAWAL,6940.0,6940.0,1.0,0
2015-02-14,47,WITHDRAWAL,9.0,6949.0,2.0,0
2015-02-28,47,WITHDRAWAL,14.6,14.6,1.0,0
2015-03-01,47,WITHDRAWAL,17000.0,17014.6,2.0,0
2015-03-05,47,WITHDRAWAL,174.0,17174.0,2.0,0
2015-03-06,47,WITHDRAWAL,141.0,315.0,2.0,0
2015-03-13,47,WITHDRAWAL,6940.0,6940.0,1.0,0
2015-03-14,47,WITHDRAWAL,9.0,6949.0,2.0,0
2015-03-28,47,WITHDRAWAL,12900.0,12900.0,1.0,0
2015-03-31,47,WITHDRAWAL,14.6,12914.6,2.0,0
2015-03-31,47,WITHDRAWAL,3000.0,15914.6,3.0,0
2015-04-05,47,WITHDRAWAL,174.0,174.0,1.0,0
2015-04-06,47,WITHDRAWAL,141.0,315.0,2.0,0
2015-04-13,47,WITHDRAWAL,6940.0,6940.0,1.0,0
2015-04-14,47,WITHDRAWAL,9.0,6949.0,2.0,0
2015-04-15,47,WITHDRAWAL,6000.0,12949.0,3.0,0
2015-04-30,47,WITHDRAWAL,14.6,14.6,1.0,0
2015-04-30,47,WITHDRAWAL,8100.0,8114.6,2.0,0
2015-05-05,47,WITHDRAWAL,174.0,174.0,1.0,0
2015-05-06,47,WITHDRAWAL,141.0,315.0,2.0,0
2015-05-13,47,WITHDRAWAL,6940.0,6940.0,1.0,0
2015-05-14,47,WITHDRAWAL,9.0,6949.0,2.0,0
2015-05-18,47,WITHDRAWAL,4800.0,4809.0,2.0,0
2015-05-30,47,WITHDRAWAL,15800.0,15800.0,1.0,0
2015-05-31,47,WITHDRAWAL,14.6,15814.6,2.0,0
2015-06-05,47,WITHDRAWAL,174.0,174.0,1.0,0
2015-06-06,47,WITHDRAWAL,141.0,315.0,2.0,0
2015-06-13,47,WITHDRAWAL,6940.0,6940.0,1.0,0
2015-06-14,47,WITHDRAWAL,9.0,6949.0,2.0,0
2015-06-28,47,WITHDRAWAL,40500.0,40500.0,1.0,0
2015-06-29,47,WITHDRAWAL,11800.0,52300.0,2.0,0
2015-06-30,47,WITHDRAWAL,14.6,52314.6,3.0,0
2015-07-05,47,WITHDRAWAL,174.0,174.0,1.0,0
2015-07-06,47,WITHDRAWAL,141.0,315.0,2.0,0
2015-07-13,47,WITHDRAWAL,6940.0,6940.0,1.0,0
2015-07-14,47,WITHDRAWAL,9.0,6949.0,2.0,0
2015-07-29,47,WITHDRAWAL,8500.0,8500.0,1.0,0
2015-07-31,47,WITHDRAWAL,14.6,8514.6,2.0,0
2015-08-05,47,WITHDRAWAL,174.0,174.0,1.0,0
2015-08-06,47,WITHDRAWAL,141.0,315.0,2.0,0
2015-08-13,47,WITHDRAWAL,6940.0,6940.0,1.0,0
2015-08-14,47,WITHDRAWAL,9.0,6949.0,2.0,0
2015-08-28,47,WITHDRAWAL,21800.0,21800.0,1.0,0
2015-08-31,47,WITHDRAWAL,14.6,21814.6,2.0,0
2015-09-05,47,WITHDRAWAL,174.0,174.0,1.0,0
2015-09-06,47,WITHDRAWAL,141.0,315.0,2.0,0
2015-09-06,47,WITHDRAWAL,4800.0,5115.0,3.0,0
2015-09-13,47,WITHDRAWAL,6940.0,6940.0,1.0,0
2015-09-14,47,WITHDRAWAL,9.0,6949.0,2.0,0
2015-09-27,47,WITHDRAWAL,7300.0,7300.0,1.0,0
2015-09-30,47,WITHDRAWAL,14.6,7314.6,2.0,0
2015-10-05,47,WITHDRAWAL,174.0,174.0,1.0,0
2015-10-06,47,WITHDRAWAL,141.0,315.0,2.0,0
2015-10-13,47,WITHDRAWAL,6940.0,6940.0,1.0,0
2015-10-14,47,WITHDRAWAL,9.0,6949.0,2.0,0
2015-10-27,47,WITHDRAWAL,17700.0,17700.0,1.0,0
2015-10-31,47,WITHDRAWAL,14.6,17714.6,2.0,0
2015-11-05,47,WITHDRAWAL,174.0,174.0,1.0,0
2015-11-06,47,WITHDRAWAL,141.0,315.0,2.0,0
2015-11-13,47,WITHDRAWAL,6940.0,6940.0,1.0,0
2015-11-14,47,WITHDRAWAL,9.0,6949.0,2.0,0
2015-11-26,47,WITHDRAWAL,19200.0,19200.0,1.0,0
2015-11-29,47,WITHDRAWAL,13800.0,33000.0,2.0,0
2015-11-30,47,WITHDRAWAL,14.6,33014.6,3.0,0
2015-12-05,47,WITHDRAWAL,174.0,174.0,1.0,0
2015-12-06,47,WITHDRAWAL,141.0,315.0,2.0,0
2015-12-13,47,WITHDRAWAL,6940.0,6940.0,1.0,0
2015-12-14,47,WITHDRAWAL,9.0,6949.0,2.0,0
2015-12-26,47,WITHDRAWAL,25600.0,25600.0,1.0,0
2015-12-31,47,WITHDRAWAL,14.6,14.6,1.0,0
2016-01-01,47,WITHDRAWAL,7800.0,7814.6,2.0,0
2016-01-03,47,WITHDRAWAL,3600.0,11414.6,3.0,0
2016-01-05,47,WITHDRAWAL,174.0,11574.0,3.0,0
2016-01-06,47,WITHDRAWAL,141.0,3915.0,3.0,0
2016-01-10,47,WITHDRAWAL,2100.0,2241.0,2.0,0
2016-01-13,47,WITHDRAWAL,6940.0,9040.0,2.0,0
2016-01-14,47,WITHDRAWAL,9.0,9049.0,3.0,0
2016-01-20,47,WITHDRAWAL,23700.0,23700.0,1.0,0
2016-01-25,47,WITHDRAWAL,6600.0,6600.0,1.0,0
2016-01-25,47,WITHDRAWAL,8900.0,15500.0,2.0,0
2016-01-31,47,WITHDRAWAL,14.6,14.6,1.0,0
2016-02-05,47,WITHDRAWAL,174.0,174.0,1.0,0
2016-02-06,47,WITHDRAWAL,141.0,315.0,2.0,0
2016-02-13,47,WITHDRAWAL,6940.0,6940.0,1.0,0
2016-02-14,47,WITHDRAWAL,9.0,6949.0,2.0,0
2016-02-20,47,WITHDRAWAL,6300.0,6300.0,1.0,0
2016-02-24,47,WITHDRAWAL,12400.0,18700.0,2.0,0
2016-02-29,47,WITHDRAWAL,14.6,14.6,1.0,0
2016-03-05,47,WITHDRAWAL,174.0,174.0,1.0,0
2016-03-06,47,WITHDRAWAL,141.0,315.0,2.0,0
2016-03-13,47,WITHDRAWAL,6940.0,6940.0,1.0,0
2016-03-14,47,WITHDRAWAL,9.0,6949.0,2.0,0
2016-03-25,47,WITHDRAWAL,21600.0,21600.0,1.0,0
2016-03-29,47,WITHDRAWAL,3600.0,25200.0,2.0,0
2016-03-31,47,WITHDRAWAL,14.6,3614.6,2.0,0
2016-04-05,47,WITHDRAWAL,174.0,174.0,1.0,0
2016-04-06,47,WITHDRAWAL,141.0,315.0,2.0,0
2016-04-13,47,WITHDRAWAL,6940.0,6940.0,1.0,0
2016-04-14,47,WITHDRAWAL,9.0,6949.0,2.0,0
2016-04-24,47,WITHDRAWAL,24900.0,24900.0,1.0,0
2016-04-30,47,WITHDRAWAL,14.6,14.6,1.0,0
2016-05-05,47,WITHDRAWAL,174.0,174.0,1.0,0
2016-05-06,47,WITHDRAWAL,141.0,315.0,2.0,0
2016-05-13,47,WITHDRAWAL,6940.0,6940.0,1.0,0
2016-05-14,47,WITHDRAWAL,9.0,6949.0,2.0,0
2016-05-17,47,WITHDRAWAL,9300.0,16249.0,3.0,0
2016-05-24,47,WITHDRAWAL,16300.0,16300.0,1.0,0
2016-05-31,47,WITHDRAWAL,14.6,14.6,1.0,0
2016-06-05,47,WITHDRAWAL,174.0,174.0,1.0,0
2016-06-06,47,WITHDRAWAL,141.0,315.0,2.0,0
2016-06-11,47,WITHDRAWAL,20700.0,20700.0,1.0,0
2016-06-13,47,WITHDRAWAL,6940.0,27640.0,2.0,0
2016-06-14,47,WITHDRAWAL,9.0,27649.0,3.0,0
2016-06-23,47,WITHDRAWAL,23900.0,23900.0,1.0,0
2016-06-30,47,WITHDRAWAL,14.6,14.6,1.0,0
2016-07-05,47,WITHDRAWAL,174.0,174.0,1.0,0
2016-07-06,47,WITHDRAWAL,141.0,315.0,2.0,0
2016-07-13,47,WITHDRAWAL,6940.0,6940.0,1.0,0
2016-07-14,47,WITHDRAWAL,9.0,6949.0,2.0,0
2016-07-23,47,WITHDRAWAL,27600.0,27600.0,1.0,0
2016-07-31,47,WITHDRAWAL,14.6,14.6,1.0,0
2016-08-05,47,WITHDRAWAL,174.0,174.0,1.0,0
2016-08-06,47,WITHDRAWAL,141.0,315.0,2.0,0
2016-08-13,47,WITHDRAWAL,6940.0,6940.0,1.0,0
2016-08-14,47,WITHDRAWAL,9.0,6949.0,2.0,0
2016-08-22,47,WITHDRAWAL,23200.0,23200.0,1.0,0
2016-08-31,47,WITHDRAWAL,14.6,14.6,1.0,0
2016-09-05,47,WITHDRAWAL,174.0,174.0,1.0,0
2016-09-06,47,WITHDRAWAL,141.0,315.0,2.0,0
2016-09-13,47,WITHDRAWAL,6940.0,6940.0,1.0,0
2016-09-14,47,WITHDRAWAL,9.0,6949.0,2.0,0
2016-09-21,47,WITHDRAWAL,25200.0,25200.0,1.0,0
2016-09-30,47,WITHDRAWAL,14.6,14.6,1.0,0
2016-10-05,47,WITHDRAWAL,174.0,174.0,1.0,0
2016-10-06,47,WITHDRAWAL,141.0,315.0,2.0,0
2016-10-13,47,WITHDRAWAL,6940.0,6940.0,1.0,0
2016-10-14,47,WITHDRAWAL,9.0,6949.0,2.0,0
2016-10-21,47,WITHDRAWAL,29900.0,29900.0,1.0,0
2016-10-31,47,WITHDRAWAL,14.6,14.6,1.0,0
2016-11-05,47,WITHDRAWAL,174.0,174.0,1.0,0
2016-11-06,47,WITHDRAWAL,141.0,315.0,2.0,0
2016-11-13,47,WITHDRAWAL,6940.0,6940.0,1.0,0
2016-11-14,47,WITHDRAWAL,9.0,6949.0,2.0,0
2016-11-20,47,WITHDRAWAL,29600.0,29600.0,1.0,0
2016-11-30,47,WITHDRAWAL,14.6,14.6,1.0,0
2016-12-05,47,WITHDRAWAL,174.0,174.0,1.0,0
2016-12-06,47,WITHDRAWAL,141.0,315.0,2.0,0
2016-12-10,47,WITHDRAWAL,2700.0,2841.0,2.0,0
2016-12-13,47,WITHDRAWAL,6940.0,9640.0,2.0,0
2016-12-14,47,WITHDRAWAL,9.0,9649.0,3.0,0
2016-12-20,47,WITHDRAWAL,32100.0,32100.0,1.0,0
2016-12-26,47,WITHDRAWAL,6000.0,6000.0,1.0,0
2016-12-31,47,WITHDRAWAL,14.6,14.6,1.0,0
2017-01-05,47,WITHDRAWAL,174.0,174.0,1.0,0
2017-01-06,47,WITHDRAWAL,141.0,315.0,2.0,0
2017-01-08,47,WITHDRAWAL,1500.0,1815.0,3.0,0
2017-01-09,47,WITHDRAWAL,8700.0,10515.0,4.0,0
2017-01-10,47,WITHDRAWAL,1500.0,11841.0,4.0,0
2017-01-12,47,WITHDRAWAL,2700.0,14400.0,4.0,0
2017-01-13,47,WITHDRAWAL,6940.0,19840.0,4.0,0
2017-01-14,47,WITHDRAWAL,9.0,11149.0,4.0,0
2017-01-14,47,WITHDRAWAL,5700.0,16849.0,5.0,0
2017-01-17,47,WITHDRAWAL,3900.0,16549.0,4.0,0
2017-01-19,47,WITHDRAWAL,16100.0,20000.0,2.0,0
2017-01-31,47,WITHDRAWAL,14.6,14.6,1.0,0
2017-02-05,47,WITHDRAWAL,174.0,174.0,1.0,0
2017-02-06,47,WITHDRAWAL,141.0,315.0,2.0,0
2017-02-13,47,WITHDRAWAL,6940.0,6940.0,1.0,0
2017-02-14,47,WITHDRAWAL,9.0,6949.0,2.0,0
2017-02-18,47,WITHDRAWAL,18200.0,18209.0,2.0,0
2017-02-28,47,WITHDRAWAL,14.6,14.6,1.0,0
2017-03-05,47,WITHDRAWAL,174.0,174.0,1.0,0
2017-03-06,47,WITHDRAWAL,141.0,315.0,2.0,0
2017-03-13,47,WITHDRAWAL,6940.0,6940.0,1.0,0
2017-03-14,47,WITHDRAWAL,9.0,6949.0,2.0,0
2017-03-20,47,WITHDRAWAL,23200.0,23200.0,1.0,0
2017-03-31,47,WITHDRAWAL,14.6,14.6,1.0,0
2017-04-05,47,WITHDRAWAL,174.0,174.0,1.0,0
2017-04-06,47,WITHDRAWAL,141.0,315.0,2.0,0
2017-04-08,47,WITHDRAWAL,6600.0,6915.0,3.0,0
2017-04-13,47,WITHDRAWAL,6940.0,6940.0,1.0,0
2017-04-14,47,WITHDRAWAL,9.0,6949.0,2.0,0
2017-04-19,47,WITHDRAWAL,12800.0,12800.0,1.0,0
2017-04-30,47,WITHDRAWAL,14.6,14.6,1.0,0
2017-05-05,47,WITHDRAWAL,174.0,174.0,1.0,0
2017-05-06,47,WITHDRAWAL,141.0,315.0,2.0,0
2017-05-13,47,WITHDRAWAL,6940.0,6940.0,1.0,0
2017-05-14,47,WITHDRAWAL,9.0,6949.0,2.0,0
2017-05-19,47,WITHDRAWAL,20600.0,20600.0,1.0,0
2017-05-31,47,WITHDRAWAL,14.6,14.6,1.0,0
2017-06-05,47,WITHDRAWAL,174.0,174.0,1.0,0
2017-06-06,47,WITHDRAWAL,141.0,315.0,2.0,0
2017-06-13,47,WITHDRAWAL,6940.0,6940.0,1.0,0
2017-06-14,47,WITHDRAWAL,9.0,6949.0,2.0,0
2017-06-18,47,WITHDRAWAL,27000.0,27009.0,2.0,0
2017-06-30,47,WITHDRAWAL,14.6,14.6,1.0,0
2017-07-05,47,WITHDRAWAL,174.0,174.0,1.0,0
2017-07-06,47,WITHDRAWAL,141.0,315.0,2.0,0
2017-07-13,47,WITHDRAWAL,6940.0,6940.0,1.0,0
2017-07-14,47,WITHDRAWAL,9.0,6949.0,2.0,0
2017-07-18,47,WITHDRAWAL,23900.0,23909.0,2.0,0
2017-07-31,47,WITHDRAWAL,14.6,14.6,1.0,0
2017-08-05,47,WITHDRAWAL,174.0,174.0,1.0,0
2017-08-06,47,WITHDRAWAL,141.0,315.0,2.0,0
2017-08-13,47,WITHDRAWAL,6940.0,6940.0,1.0,0
2017-08-14,47,WITHDRAWAL,9.0,6949.0,2.0,0
2017-08-17,47,WITHDRAWAL,27600.0,34549.0,3.0,0
2017-08-29,47,WITHDRAWAL,9300.0,9300.0,1.0,0
2017-08-31,47,WITHDRAWAL,14.6,9314.6,2.0,0
2017-09-05,47,WITHDRAWAL,174.0,174.0,1.0,0
2017-09-06,47,WITHDRAWAL,141.0,315.0,2.0,0
2017-09-13,47,WITHDRAWAL,6940.0,6940.0,1.0,0
2017-09-14,47,WITHDRAWAL,9.0,6949.0,2.0,0
2017-09-16,47,WITHDRAWAL,24400.0,31349.0,3.0,0
2017-09-30,47,WITHDRAWAL,14.6,14.6,1.0,0
2017-10-05,47,WITHDRAWAL,174.0,174.0,1.0,0
2017-10-06,47,WITHDRAWAL,141.0,315.0,2.0,0
2017-10-13,47,WITHDRAWAL,6940.0,6940.0,1.0,0
2017-10-14,47,WITHDRAWAL,9.0,6949.0,2.0,0
2017-10-16,47,WITHDRAWAL,25500.0,32449.0,3.0,0
2017-10-31,47,WITHDRAWAL,14.6,14.6,1.0,0
2017-11-05,47,WITHDRAWAL,174.0,174.0,1.0,0
2017-11-06,47,WITHDRAWAL,141.0,315.0,2.0,0
2017-11-13,47,WITHDRAWAL,6940.0,6940.0,1.0,0
2017-11-14,47,WITHDRAWAL,9.0,6949.0,2.0,0
2017-11-15,47,WITHDRAWAL,26200.0,33149.0,3.0,0
2017-11-30,47,WITHDRAWAL,14.6,14.6,1.0,0
2017-12-05,47,WITHDRAWAL,174.0,174.0,1.0,0
2017-12-06,47,WITHDRAWAL,141.0,315.0,2.0,0
2017-12-13,47,WITHDRAWAL,6940.0,6940.0,1.0,0
2017-12-14,47,WITHDRAWAL,9.0,6949.0,2.0,0
2017-12-15,47,WITHDRAWAL,37700.0,44649.0,3.0,0
2017-12-26,47,WITHDRAWAL,4200.0,4200.0,1.0,0
2017-12-31,47,WITHDRAWAL,14.6,14.6,1.0,0
2018-01-02,47,WITHDRAWAL,4500.0,4514.6,2.0,0
2018-01-05,47,WITHDRAWAL,174.0,4674.0,2.0,0
2018-01-06,47,WITHDRAWAL,141.0,4815.0,3.0,0
2018-01-11,47,WITHDRAWAL,13800.0,13800.0,1.0,0
2018-01-13,47,WITHDRAWAL,6940.0,20740.0,2.0,0
2018-01-14,47,WITHDRAWAL,9.0,20749.0,3.0,0
2018-01-14,47,WITHDRAWAL,20800.0,41549.0,4.0,0
2018-01-31,47,WITHDRAWAL,14.6,14.6,1.0,0
2018-02-05,47,WITHDRAWAL,174.0,174.0,1.0,0
2018-02-06,47,WITHDRAWAL,141.0,315.0,2.0,0
2018-02-13,47,WITHDRAWAL,6940.0,6940.0,1.0,0
2018-02-13,47,WITHDRAWAL,19200.0,26140.0,2.0,0
2018-02-14,47,WITHDRAWAL,9.0,26149.0,3.0,0
2018-02-28,47,WITHDRAWAL,14.6,14.6,1.0,0
2018-03-05,47,WITHDRAWAL,174.0,174.0,1.0,0
2018-03-06,47,WITHDRAWAL,141.0,315.0,2.0,0
2018-03-13,47,WITHDRAWAL,6940.0,6940.0,1.0,0
2018-03-14,47,WITHDRAWAL,9.0,6949.0,2.0,0
2018-03-15,47,WITHDRAWAL,21900.0,28849.0,3.0,0
2018-03-31,47,WITHDRAWAL,14.6,14.6,1.0,0
2018-04-05,47,WITHDRAWAL,174.0,174.0,1.0,0
2018-04-06,47,WITHDRAWAL,141.0,315.0,2.0,0
2018-04-13,47,WITHDRAWAL,6940.0,6940.0,1.0,0
2018-04-14,47,WITHDRAWAL,9.0,6949.0,2.0,0
2018-04-14,47,WITHDRAWAL,24200.0,31149.0,3.0,0
2018-04-30,47,WITHDRAWAL,14.6,14.6,1.0,0
2018-05-05,47,WITHDRAWAL,174.0,174.0,1.0,0
2018-05-06,47,WITHDRAWAL,141.0,315.0,2.0,0
2018-05-13,47,WITHDRAWAL,6940.0,6940.0,1.0,0
2018-05-14,47,WITHDRAWAL,9.0,6949.0,2.0,0
2018-05-14,47,WITHDRAWAL,27400.0,34349.0,3.0,0
2018-05-31,47,WITHDRAWAL,14.6,14.6,1.0,0
2018-06-05,47,WITHDRAWAL,174.0,174.0,1.0,0
2018-06-06,47,WITHDRAWAL,141.0,315.0,2.0,0
2018-06-13,47,WITHDRAWAL,6940.0,6940.0,1.0,0
2018-06-13,47,WITHDRAWAL,38500.0,45440.0,2.0,0
2018-06-14,47,WITHDRAWAL,9.0,45449.0,3.0,0
2018-06-30,47,WITHDRAWAL,14.6,14.6,1.0,0
2018-07-05,47,WITHDRAWAL,174.0,174.0,1.0,0
2018-07-06,47,WITHDRAWAL,141.0,315.0,2.0,0
2018-07-13,47,WITHDRAWAL,6940.0,6940.0,1.0,0
2018-07-13,47,WITHDRAWAL,7800.0,14740.0,2.0,0
2018-07-13,47,WITHDRAWAL,27800.0,42540.0,3.0,0
2018-07-14,47,WITHDRAWAL,9.0,42549.0,4.0,0
2018-07-31,47,WITHDRAWAL,14.6,14.6,1.0,0
2018-08-05,47,WITHDRAWAL,174.0,174.0,1.0,0
2018-08-06,47,WITHDRAWAL,141.0,315.0,2.0,0
2018-08-12,47,WITHDRAWAL,33700.0,33700.0,1.0,0
2018-08-13,47,WITHDRAWAL,6940.0,40640.0,2.0,0
2018-08-14,47,WITHDRAWAL,9.0,40649.0,3.0,0
2018-08-31,47,WITHDRAWAL,14.6,14.6,1.0,0
2018-09-05,47,WITHDRAWAL,174.0,174.0,1.0,0
2018-09-06,47,WITHDRAWAL,141.0,315.0,2.0,0
2018-09-11,47,WITHDRAWAL,27900.0,27900.0,1.0,0
2018-09-13,47,WITHDRAWAL,6940.0,34840.0,2.0,0
2018-09-14,47,WITHDRAWAL,9.0,34849.0,3.0,0
2018-09-30,47,WITHDRAWAL,14.6,14.6,1.0,0
2018-10-05,47,WITHDRAWAL,174.0,174.0,1.0,0
2018-10-06,47,WITHDRAWAL,141.0,315.0,2.0,0
2018-10-11,47,WITHDRAWAL,34400.0,34400.0,1.0,0
2018-10-13,47,WITHDRAWAL,6940.0,41340.0,2.0,0
2018-10-14,47,WITHDRAWAL,9.0,41349.0,3.0,0
2018-10-31,47,WITHDRAWAL,14.6,14.6,1.0,0
2018-11-05,47,WITHDRAWAL,174.0,174.0,1.0,0
2018-11-06,47,WITHDRAWAL,141.0,315.0,2.0,0
2018-11-13,47,WITHDRAWAL,6940.0,6940.0,1.0,0
2018-11-14,47,WITHDRAWAL,9.0,6949.0,2.0,0
2018-11-30,47,WITHDRAWAL,14.6,14.6,1.0,0
2018-12-05,47,WITHDRAWAL,174.0,174.0,1.0,0
2018-12-06,47,WITHDRAWAL,141.0,315.0,2.0,0
2018-12-13,47,WITHDRAWAL,6940.0,6940.0,1.0,0
2018-12-14,47,WITHDRAWAL,9.0,6949.0,2.0,0
2018-12-26,47,WITHDRAWAL,8400.0,8400.0,1.0,0
2013-03-20,96,WITHDRAWAL,11500.0,11500.0,1.0,0
2013-04-19,96,WITHDRAWAL,24700.0,24700.0,1.0,0
2013-05-19,96,WITHDRAWAL,35100.0,35100.0,1.0,0
2013-06-11,96,WITHDRAWAL,62900.0,62900.0,1.0,0
2013-06-18,96,WITHDRAWAL,19200.0,19200.0,1.0,0
2013-07-11,96,WITHDRAWAL,2140.0,2140.0,1.0,0
2013-07-11,96,WITHDRAWAL,644.0,2784.0,2.0,0
2013-07-14,96,WITHDRAWAL,908.0,3692.0,3.0,0
2013-07-18,96,WITHDRAWAL,31200.0,32108.0,2.0,0
2013-07-19,96,WITHDRAWAL,4500.0,35700.0,2.0,0
2013-07-31,96,WITHDRAWAL,14.6,14.6,1.0,0
2013-08-08,96,WITHDRAWAL,46.0,46.0,1.0,0
2013-08-11,96,WITHDRAWAL,2140.0,2186.0,2.0,0
2013-08-11,96,WITHDRAWAL,644.0,2830.0,3.0,0
2013-08-14,96,WITHDRAWAL,908.0,3692.0,3.0,0
2013-08-17,96,WITHDRAWAL,29300.0,30208.0,2.0,0
2013-08-24,96,WITHDRAWAL,7200.0,7200.0,1.0,0
2013-08-31,96,WITHDRAWAL,14.6,14.6,1.0,0
2013-09-08,96,WITHDRAWAL,46.0,46.0,1.0,0
2013-09-11,96,WITHDRAWAL,2140.0,2186.0,2.0,0
2013-09-11,96,WITHDRAWAL,644.0,2830.0,3.0,0
2013-09-14,96,WITHDRAWAL,908.0,3692.0,3.0,0
2013-09-16,96,WITHDRAWAL,17700.0,18608.0,2.0,0
2013-09-30,96,WITHDRAWAL,14.6,14.6,1.0,0
2013-10-08,96,WITHDRAWAL,46.0,46.0,1.0,0
2013-10-11,96,WITHDRAWAL,2140.0,2186.0,2.0,0
2013-10-11,96,WITHDRAWAL,644.0,2830.0,3.0,0
2013-10-14,96,WITHDRAWAL,908.0,3692.0,3.0,0
2013-10-16,96,WITHDRAWAL,29200.0,30108.0,2.0,0
2013-10-19,96,WITHDRAWAL,4500.0,33700.0,2.0,0
2013-10-24,96,WITHDRAWAL,2100.0,2100.0,1.0,0
2013-10-31,96,WITHDRAWAL,14.6,14.6,1.0,0
2013-11-08,96,WITHDRAWAL,46.0,46.0,1.0,0
2013-11-11,96,WITHDRAWAL,2140.0,2186.0,2.0,0
2013-11-11,96,WITHDRAWAL,644.0,2830.0,3.0,0
2013-11-11,96,WITHDRAWAL,4200.0,7030.0,4.0,0
2013-11-14,96,WITHDRAWAL,908.0,7892.0,4.0,0
2013-11-15,96,WITHDRAWAL,31500.0,39392.0,5.0,0
2013-11-17,96,WITHDRAWAL,9000.0,41408.0,3.0,0
2013-11-30,96,WITHDRAWAL,14.6,14.6,1.0,0
2013-12-08,96,WITHDRAWAL,46.0,46.0,1.0,0
2013-12-09,96,WITHDRAWAL,5100.0,5146.0,2.0,0
2013-12-11,96,WITHDRAWAL,2140.0,7286.0,3.0,0
2013-12-11,96,WITHDRAWAL,644.0,7930.0,4.0,0
2013-12-11,96,WITHDRAWAL,40500.0,48430.0,5.0,0
2013-12-14,96,WITHDRAWAL,908.0,44192.0,4.0,0
2013-12-15,96,WITHDRAWAL,19700.0,63892.0,5.0,0
2013-12-31,96,WITHDRAWAL,14.6,14.6,1.0,0
2014-01-01,96,WITHDRAWAL,7200.0,7214.6,2.0,0
2014-01-08,96,WITHDRAWAL,46.0,46.0,1.0,0
2014-01-11,96,WITHDRAWAL,2140.0,2186.0,2.0,0
2014-01-11,96,WITHDRAWAL,644.0,2830.0,3.0,0
2014-01-14,96,WITHDRAWAL,908.0,3692.0,3.0,0
2014-01-14,96,WITHDRAWAL,26500.0,30192.0,4.0,0
2014-01-16,96,WITHDRAWAL,4200.0,31608.0,3.0,0
2014-01-21,96,WITHDRAWAL,7500.0,7500.0,1.0,0
2014-01-21,96,WITHDRAWAL,1800.0,9300.0,2.0,0
2014-01-24,96,WITHDRAWAL,6300.0,15600.0,3.0,0
2014-01-27,96,WITHDRAWAL,3300.0,9600.0,2.0,0
2014-01-31,96,WITHDRAWAL,14.6,3314.6,2.0,0
2014-02-08,96,WITHDRAWAL,46.0,46.0,1.0,0
2014-02-11,96,WITHDRAWAL,2140.0,2186.0,2.0,0
2014-02-11,96,WITHDRAWAL,644.0,2830.0,3.0,0
2014-02-13,96,WITHDRAWAL,21000.0,23784.0,3.0,0
2014-02-14,96,WITHDRAWAL,908.0,24692.0,4.0,0
2014-02-18,96,WITHDRAWAL,2700.0,3608.0,2.0,0
2014-02-28,96,WITHDRAWAL,14.6,14.6,1.0,0
2014-03-08,96,WITHDRAWAL,46.0,46.0,1.0,0
2014-03-11,96,WITHDRAWAL,2140.0,2186.0,2.0,0
2014-03-11,96,WITHDRAWAL,644.0,2830.0,3.0,0
2014-03-14,96,WITHDRAWAL,908.0,3692.0,3.0,0
2014-03-15,96,WITHDRAWAL,29000.0,32692.0,4.0,0
2014-03-31,96,WITHDRAWAL,14.6,14.6,1.0,0
2014-04-08,96,WITHDRAWAL,46.0,46.0,1.0,0
2014-04-11,96,WITHDRAWAL,2140.0,2186.0,2.0,0
2014-04-11,96,WITHDRAWAL,644.0,2830.0,3.0,0
2014-04-14,96,WITHDRAWAL,908.0,3692.0,3.0,0
2014-04-14,96,WITHDRAWAL,34300.0,37992.0,4.0,0
2014-04-30,96,WITHDRAWAL,14.6,14.6,1.0,0
2014-05-08,96,WITHDRAWAL,46.0,46.0,1.0,0
2014-05-11,96,WITHDRAWAL,2140.0,2186.0,2.0,0
2014-05-11,96,WITHDRAWAL,644.0,2830.0,3.0,0
2014-05-14,96,WITHDRAWAL,908.0,3692.0,3.0,0
2014-05-14,96,WITHDRAWAL,36600.0,40292.0,4.0,0
2014-05-31,96,WITHDRAWAL,14.6,14.6,1.0,0
2014-06-03,96,WITHDRAWAL,3000.0,3014.6,2.0,0
2014-06-08,96,WITHDRAWAL,46.0,46.0,1.0,0
2014-06-11,96,WITHDRAWAL,2140.0,2186.0,2.0,0
2014-06-11,96,WITHDRAWAL,644.0,2830.0,3.0,0
2014-06-11,96,WITHDRAWAL,30100.0,32930.0,4.0,0
2014-06-13,96,WITHDRAWAL,34800.0,67684.0,4.0,0
2014-06-14,96,WITHDRAWAL,908.0,68592.0,5.0,0
2014-06-30,96,WITHDRAWAL,14.6,14.6,1.0,0
2014-07-08,96,WITHDRAWAL,46.0,46.0,1.0,0
2014-07-11,96,WITHDRAWAL,2140.0,2186.0,2.0,0
2014-07-11,96,WITHDRAWAL,644.0,2830.0,3.0,0
2014-07-13,96,WITHDRAWAL,37600.0,40384.0,3.0,0
2014-07-14,96,WITHDRAWAL,908.0,41292.0,4.0,0
2014-07-31,96,WITHDRAWAL,14.6,14.6,1.0,0
2014-08-08,96,WITHDRAWAL,46.0,46.0,1.0,0
2014-08-11,96,WITHDRAWAL,2140.0,2186.0,2.0,0
2014-08-11,96,WITHDRAWAL,644.0,2830.0,3.0,0
2014-08-12,96,WITHDRAWAL,37200.0,40030.0,4.0,0
2014-08-14,96,WITHDRAWAL,908.0,40892.0,4.0,0
2014-08-31,96,WITHDRAWAL,14.6,14.6,1.0,0
2014-09-08,96,WITHDRAWAL,46.0,46.0,1.0,0
2014-09-11,96,WITHDRAWAL,2140.0,2186.0,2.0,0
2014-09-11,96,WITHDRAWAL,644.0,2830.0,3.0,0
2014-09-11,96,WITHDRAWAL,38200.0,41030.0,4.0,0
2014-09-14,96,WITHDRAWAL,908.0,41892.0,4.0,0
2014-09-30,96,WITHDRAWAL,14.6,14.6,1.0,0
2014-10-08,96,WITHDRAWAL,46.0,46.0,1.0,0
2014-10-11,96,WITHDRAWAL,2140.0,2186.0,2.0,0
2014-10-11,96,WITHDRAWAL,644.0,2830.0,3.0,0
2014-10-11,96,WITHDRAWAL,32100.0,34930.0,4.0,0
2014-10-14,96,WITHDRAWAL,908.0,35792.0,4.0,0
2014-10-25,96,WITHDRAWAL,12000.0,12000.0,1.0,0
2014-10-31,96,WITHDRAWAL,14.6,14.6,1.0,0
2014-11-08,96,WITHDRAWAL,46.0,46.0,1.0,0
2014-11-10,96,WITHDRAWAL,7400.0,7446.0,2.0,0
2014-11-11,96,WITHDRAWAL,2140.0,9586.0,3.0,0
2014-11-11,96,WITHDRAWAL,644.0,10230.0,4.0,0
2014-11-14,96,WITHDRAWAL,908.0,11092.0,4.0,0
2014-11-30,96,WITHDRAWAL,14.6,14.6,1.0,0
2014-12-08,96,WITHDRAWAL,46.0,46.0,1.0,0
2014-12-10,96,WITHDRAWAL,23900.0,23946.0,2.0,0
2014-12-11,96,WITHDRAWAL,2140.0,26086.0,3.0,0
2014-12-11,96,WITHDRAWAL,644.0,26730.0,4.0,0
2014-12-11,96,WITHDRAWAL,46800.0,73530.0,5.0,0
2014-12-12,96,WITHDRAWAL,6300.0,79830.0,6.0,1
2014-12-14,96,WITHDRAWAL,908.0,80692.0,6.0,1
2014-12-23,96,WITHDRAWAL,8400.0,8400.0,1.0,0
2014-12-31,96,WITHDRAWAL,14.6,14.6,1.0,0
2015-01-08,96,WITHDRAWAL,46.0,46.0,1.0,0
2015-01-09,96,WITHDRAWAL,6000.0,6046.0,2.0,0
2015-01-09,96,WITHDRAWAL,8900.0,14946.0,3.0,0
2015-01-11,96,WITHDRAWAL,2140.0,17086.0,4.0,0
2015-01-11,96,WITHDRAWAL,644.0,17730.0,5.0,0
2015-01-13,96,WITHDRAWAL,2100.0,19784.0,5.0,0
2015-01-14,96,WITHDRAWAL,908.0,5792.0,4.0,0
2015-01-17,96,WITHDRAWAL,1800.0,4808.0,3.0,0
2015-01-24,96,WITHDRAWAL,2700.0,2700.0,1.0,0
2015-01-27,96,WITHDRAWAL,8400.0,11100.0,2.0,0
2015-01-29,96,WITHDRAWAL,3000.0,11400.0,2.0,0
2015-01-31,96,WITHDRAWAL,14.6,11414.6,3.0,0
2015-02-08,96,WITHDRAWAL,46.0,46.0,1.0,0
2015-02-08,96,WITHDRAWAL,10900.0,10946.0,2.0,0
2015-02-11,96,WITHDRAWAL,2140.0,13086.0,3.0,0
2015-02-11,96,WITHDRAWAL,644.0,13730.0,4.0,0
2015-02-14,96,WITHDRAWAL,908.0,3692.0,3.0,0
2015-02-28,96,WITHDRAWAL,14.6,14.6,1.0,0
2015-03-08,96,WITHDRAWAL,46.0,46.0,1.0,0
2015-03-10,96,WITHDRAWAL,22900.0,22946.0,2.0,0
2015-03-11,96,WITHDRAWAL,2140.0,25086.0,3.0,0
2015-03-11,96,WITHDRAWAL,644.0,25730.0,4.0,0
2015-03-14,96,WITHDRAWAL,908.0,26592.0,4.0,0
2015-03-31,96,WITHDRAWAL,14.6,14.6,1.0,0
2015-04-08,96,WITHDRAWAL,46.0,46.0,1.0,0
2015-04-09,96,WITHDRAWAL,27800.0,27846.0,2.0,0
2015-04-11,96,WITHDRAWAL,2140.0,29986.0,3.0,0
2015-04-11,96,WITHDRAWAL,644.0,30630.0,4.0,0
2015-04-14,96,WITHDRAWAL,908.0,3692.0,3.0,0
2015-04-30,96,WITHDRAWAL,14.6,14.6,1.0,0
2015-05-08,96,WITHDRAWAL,46.0,46.0,1.0,0
2015-05-09,96,WITHDRAWAL,31700.0,31746.0,2.0,0
2015-05-11,96,WITHDRAWAL,2140.0,33886.0,3.0,0
2015-05-11,96,WITHDRAWAL,644.0,34530.0,4.0,0
2015-05-11,96,WITHDRAWAL,47700.0,82230.0,5.0,0
2015-05-14,96,WITHDRAWAL,908.0,51392.0,4.0,0
2015-05-31,96,WITHDRAWAL,14.6,14.6,1.0,0
2015-06-07,96,WITHDRAWAL,11100.0,11100.0,1.0,0
2015-06-08,96,WITHDRAWAL,46.0,11146.0,2.0,0
2015-06-11,96,WITHDRAWAL,2140.0,13286.0,3.0,0
2015-06-11,96,WITHDRAWAL,644.0,13930.0,4.0,0
2015-06-14,96,WITHDRAWAL,908.0,3692.0,3.0,0
2015-06-27,96,WITHDRAWAL,67500.0,67500.0,1.0,0
2015-06-30,96,WITHDRAWAL,14.6,67514.6,2.0,0
2015-07-08,96,WITHDRAWAL,46.0,46.0,1.0,0
2015-07-11,96,WITHDRAWAL,2140.0,2186.0,2.0,0
2015-07-11,96,WITHDRAWAL,644.0,2830.0,3.0,0
2015-07-14,96,WITHDRAWAL,908.0,3692.0,3.0,0
2015-07-31,96,WITHDRAWAL,14.6,14.6,1.0,0
2015-08-08,96,WITHDRAWAL,46.0,46.0,1.0,0
2015-08-11,96,WITHDRAWAL,2140.0,2186.0,2.0,0
2015-08-11,96,WITHDRAWAL,644.0,2830.0,3.0,0
2015-08-14,96,WITHDRAWAL,908.0,3692.0,3.0,0
2015-08-31,96,WITHDRAWAL,14.6,14.6,1.0,0
2015-09-06,96,WITHDRAWAL,11700.0,11700.0,1.0,0
2015-09-08,96,WITHDRAWAL,46.0,11746.0,2.0,0
2015-09-11,96,WITHDRAWAL,2140.0,2186.0,2.0,0
2015-09-11,96,WITHDRAWAL,644.0,2830.0,3.0,0
2015-09-14,96,WITHDRAWAL,908.0,3692.0,3.0,0
2015-09-30,96,WITHDRAWAL,14.6,14.6,1.0,0
2015-10-06,96,WITHDRAWAL,13900.0,13900.0,1.0,0
2015-10-08,96,WITHDRAWAL,46.0,13946.0,2.0,0
2015-10-11,96,WITHDRAWAL,2140.0,2186.0,2.0,0
2015-10-11,96,WITHDRAWAL,644.0,2830.0,3.0,0
2015-10-14,96,WITHDRAWAL,908.0,3692.0,3.0,0
2015-10-31,96,WITHDRAWAL,14.6,14.6,1.0,0
2015-11-05,96,WITHDRAWAL,14500.0,14500.0,1.0,0
2015-11-08,96,WITHDRAWAL,46.0,14546.0,2.0,0
2015-11-11,96,WITHDRAWAL,2140.0,2186.0,2.0,0
2015-11-11,96,WITHDRAWAL,644.0,2830.0,3.0,0
2015-11-14,96,WITHDRAWAL,908.0,3692.0,3.0,0
2015-11-21,96,WITHDRAWAL,3000.0,3000.0,1.0,0
2015-11-24,96,WITHDRAWAL,11100.0,14100.0,2.0,0
2015-11-30,96,WITHDRAWAL,14.6,14.6,1.0,0
2015-12-02,96,WITHDRAWAL,7500.0,7514.6,2.0,0
2015-12-05,96,WITHDRAWAL,3100.0,10600.0,2.0,0
2015-12-08,96,WITHDRAWAL,46.0,3146.0,2.0,0
2015-12-11,96,WITHDRAWAL,2140.0,2186.0,2.0,0
2015-12-11,96,WITHDRAWAL,644.0,2830.0,3.0,0
2015-12-14,96,WITHDRAWAL,908.0,3692.0,3.0,0
2015-12-31,96,WITHDRAWAL,14.6,14.6,1.0,0
2016-01-04,96,WITHDRAWAL,31400.0,31414.6,2.0,0
2016-01-07,96,WITHDRAWAL,3300.0,34700.0,2.0,0
2016-01-08,96,WITHDRAWAL,46.0,34746.0,3.0,0
2016-01-09,96,WITHDRAWAL,1500.0,4846.0,3.0,0
2016-01-11,96,WITHDRAWAL,2140.0,6986.0,4.0,0
2016-01-11,96,WITHDRAWAL,644.0,7630.0,5.0,0
2016-01-11,96,WITHDRAWAL,17600.0,25230.0,6.0,0
2016-01-13,96,WITHDRAWAL,7200.0,29084.0,5.0,0
2016-01-13,96,WITHDRAWAL,12000.0,41084.0,6.0,0
2016-01-14,96,WITHDRAWAL,908.0,40492.0,6.0,0
2016-01-14,96,WITHDRAWAL,2700.0,43192.0,7.0,0
2016-01-23,96,WITHDRAWAL,3900.0,3900.0,1.0,0
2016-01-24,96,WITHDRAWAL,7500.0,11400.0,2.0,0
2016-01-31,96,WITHDRAWAL,14.6,14.6,1.0,0
2016-02-03,96,WITHDRAWAL,9500.0,9514.6,2.0,0
2016-02-08,96,WITHDRAWAL,46.0,46.0,1.0,0
2016-02-11,96,WITHDRAWAL,2140.0,2186.0,2.0,0
2016-02-11,96,WITHDRAWAL,644.0,2830.0,3.0,0
2016-02-14,96,WITHDRAWAL,908.0,3692.0,3.0,0
2016-02-19,96,WITHDRAWAL,14100.0,14100.0,1.0,0
2016-02-29,96,WITHDRAWAL,14.6,14.6,1.0,0
2016-03-04,96,WITHDRAWAL,17200.0,17214.6,2.0,0
2016-03-08,96,WITHDRAWAL,46.0,17246.0,2.0,0
2016-03-11,96,WITHDRAWAL,2140.0,2186.0,2.0,0
2016-03-11,96,WITHDRAWAL,644.0,2830.0,3.0,0
2016-03-14,96,WITHDRAWAL,908.0,3692.0,3.0,0
2016-03-31,96,WITHDRAWAL,14.6,14.6,1.0,0
2016-04-03,96,WITHDRAWAL,29600.0,29614.6,2.0,0
2016-04-08,96,WITHDRAWAL,46.0,46.0,1.0,0
2016-04-11,96,WITHDRAWAL,2140.0,2186.0,2.0,0
2016-04-11,96,WITHDRAWAL,644.0,2830.0,3.0,0
2016-04-14,96,WITHDRAWAL,908.0,3692.0,3.0,0
2016-04-30,96,WITHDRAWAL,14.6,14.6,1.0,0
2016-05-03,96,WITHDRAWAL,27300.0,27314.6,2.0,0
2016-05-08,96,WITHDRAWAL,46.0,46.0,1.0,0
2016-05-11,96,WITHDRAWAL,2140.0,2186.0,2.0,0
2016-05-11,96,WITHDRAWAL,644.0,2830.0,3.0,0
2016-05-11,96,WITHDRAWAL,34700.0,37530.0,4.0,0
2016-05-14,96,WITHDRAWAL,908.0,38392.0,4.0,0
2016-05-31,96,WITHDRAWAL,14.6,14.6,1.0,0
2016-06-01,96,WITHDRAWAL,4800.0,4814.6,2.0,0
2016-06-02,96,WITHDRAWAL,5500.0,10314.6,3.0,0
2016-06-08,96,WITHDRAWAL,46.0,46.0,1.0,0
2016-06-11,96,WITHDRAWAL,2140.0,2186.0,2.0,0
2016-06-11,96,WITHDRAWAL,644.0,2830.0,3.0,0
2016-06-11,96,WITHDRAWAL,37700.0,40530.0,4.0,0
2016-06-14,96,WITHDRAWAL,908.0,41392.0,4.0,0
2016-06-30,96,WITHDRAWAL,14.6,14.6,1.0,0
2016-07-02,96,WITHDRAWAL,14100.0,14114.6,2.0,0
2016-07-08,96,WITHDRAWAL,46.0,46.0,1.0,0
2016-07-11,96,WITHDRAWAL,2140.0,2186.0,2.0,0
2016-07-11,96,WITHDRAWAL,644.0,2830.0,3.0,0
2016-07-14,96,WITHDRAWAL,908.0,3692.0,3.0,0
2016-07-31,96,WITHDRAWAL,14.6,14.6,1.0,0
2016-08-01,96,WITHDRAWAL,22900.0,22914.6,2.0,0
2016-08-03,96,WITHDRAWAL,6900.0,29814.6,3.0,0
2016-08-08,96,WITHDRAWAL,46.0,46.0,1.0,0
2016-08-11,96,WITHDRAWAL,2140.0,2186.0,2.0,0
2016-08-11,96,WITHDRAWAL,644.0,2830.0,3.0,0
2016-08-14,96,WITHDRAWAL,908.0,3692.0,3.0,0
2016-08-31,96,WITHDRAWAL,14.6,14.6,1.0,0
2016-08-31,96,WITHDRAWAL,26800.0,26814.6,2.0,0
2016-09-08,96,WITHDRAWAL,46.0,46.0,1.0,0
2016-09-11,96,WITHDRAWAL,2140.0,2186.0,2.0,0
2016-09-11,96,WITHDRAWAL,644.0,2830.0,3.0,0
2016-09-11,96,WITHDRAWAL,30300.0,33130.0,4.0,0
2016-09-14,96,WITHDRAWAL,908.0,33992.0,4.0,0
2016-09-30,96,WITHDRAWAL,14.6,14.6,1.0,0
2016-09-30,96,WITHDRAWAL,22800.0,22814.6,2.0,0
2016-10-08,96,WITHDRAWAL,46.0,46.0,1.0,0
2016-10-11,96,WITHDRAWAL,2140.0,2186.0,2.0,0
2016-10-11,96,WITHDRAWAL,644.0,2830.0,3.0,0
2016-10-14,96,WITHDRAWAL,908.0,3692.0,3.0,0
2016-10-30,96,WITHDRAWAL,32100.0,32100.0,1.0,0
2016-10-31,96,WITHDRAWAL,14.6,32114.6,2.0,0
2016-11-08,96,WITHDRAWAL,46.0,46.0,1.0,0
2016-11-11,96,WITHDRAWAL,2140.0,2186.0,2.0,0
2016-11-11,96,WITHDRAWAL,644.0,2830.0,3.0,0
2016-11-11,96,WITHDRAWAL,37200.0,40030.0,4.0,0
2016-11-14,96,WITHDRAWAL,908.0,40892.0,4.0,0
2016-11-29,96,WITHDRAWAL,15400.0,15400.0,1.0,0
2016-11-30,96,WITHDRAWAL,14.6,15414.6,2.0,0
2016-12-08,96,WITHDRAWAL,46.0,46.0,1.0,0
2016-12-10,96,WITHDRAWAL,4500.0,4546.0,2.0,0
2016-12-11,96,WITHDRAWAL,2140.0,6686.0,3.0,0
2016-12-11,96,WITHDRAWAL,644.0,7330.0,4.0,0
2016-12-11,96,WITHDRAWAL,41100.0,48430.0,5.0,0
2016-12-14,96,WITHDRAWAL,908.0,49292.0,5.0,0
2016-12-29,96,WITHDRAWAL,16600.0,16600.0,1.0,0
2016-12-31,96,WITHDRAWAL,14.6,16614.6,2.0,0
2017-01-01,96,WITHDRAWAL,4500.0,21114.6,3.0,0
2017-01-05,96,WITHDRAWAL,5400.0,9900.0,2.0,0
2017-01-07,96,WITHDRAWAL,2100.0,7500.0,2.0,0
2017-01-08,96,WITHDRAWAL,46.0,7546.0,3.0,0
2017-01-11,96,WITHDRAWAL,2140.0,4286.0,3.0,0
2017-01-11,96,WITHDRAWAL,644.0,4930.0,4.0,0
2017-01-13,96,WITHDRAWAL,5700.0,8484.0,3.0,0
2017-01-14,96,WITHDRAWAL,908.0,9392.0,4.0,0
2017-01-16,96,WITHDRAWAL,6000.0,12608.0,3.0,0
2017-01-23,96,WITHDRAWAL,3600.0,3600.0,1.0,0
2017-01-28,96,WITHDRAWAL,4500.0,4500.0,1.0,0
2017-01-31,96,WITHDRAWAL,14.6,4514.6,2.0,0
2017-02-08,96,WITHDRAWAL,46.0,46.0,1.0,0
2017-02-11,96,WITHDRAWAL,2140.0,2186.0,2.0,0
2017-02-11,96,WITHDRAWAL,644.0,2830.0,3.0,0
2017-02-14,96,WITHDRAWAL,908.0,3692.0,3.0,0
2017-02-22,96,WITHDRAWAL,7200.0,7200.0,1.0,0
2017-02-27,96,WITHDRAWAL,400.0,400.0,1.0,0
2017-02-28,96,WITHDRAWAL,14.6,414.6,2.0,0
2017-03-08,96,WITHDRAWAL,46.0,46.0,1.0,0
2017-03-11,96,WITHDRAWAL,2140.0,2186.0,2.0,0
2017-03-11,96,WITHDRAWAL,644.0,2830.0,3.0,0
2017-03-14,96,WITHDRAWAL,908.0,3692.0,3.0,0
2017-03-29,96,WITHDRAWAL,7400.0,7400.0,1.0,0
2017-03-31,96,WITHDRAWAL,14.6,7414.6,2.0,0
2017-04-08,96,WITHDRAWAL,46.0,46.0,1.0,0
2017-04-11,96,WITHDRAWAL,2140.0,2186.0,2.0,0
2017-04-11,96,WITHDRAWAL,644.0,2830.0,3.0,0
2017-04-13,96,WITHDRAWAL,12300.0,15084.0,3.0,0
2017-04-14,96,WITHDRAWAL,908.0,15992.0,4.0,0
2017-04-27,96,WITHDRAWAL,7800.0,7800.0,1.0,0
2017-04-28,96,WITHDRAWAL,17400.0,25200.0,2.0,0
2017-04-30,96,WITHDRAWAL,14.6,25214.6,3.0,0
2017-05-08,96,WITHDRAWAL,46.0,46.0,1.0,0
2017-05-11,96,WITHDRAWAL,2140.0,2186.0,2.0,0
2017-05-11,96,WITHDRAWAL,644.0,2830.0,3.0,0
2017-05-14,96,WITHDRAWAL,908.0,3692.0,3.0,0
2017-05-28,96,WITHDRAWAL,27000.0,27000.0,1.0,0
2017-05-31,96,WITHDRAWAL,14.6,27014.6,2.0,0
2017-06-08,96,WITHDRAWAL,46.0,46.0,1.0,0
2017-06-11,96,WITHDRAWAL,2140.0,2186.0,2.0,0
2017-06-11,96,WITHDRAWAL,644.0,2830.0,3.0,0
2017-06-11,96,WITHDRAWAL,59100.0,61930.0,4.0,0
2017-06-11,96,WITHDRAWAL,59600.0,121530.0,5.0,0
2017-06-14,96,WITHDRAWAL,908.0,122392.0,5.0,1
2017-06-30,96,WITHDRAWAL,14.6,14.6,1.0,0
2017-07-05,96,WITHDRAWAL,14700.0,14700.0,1.0,0
2017-07-08,96,WITHDRAWAL,46.0,14746.0,2.0,0
2017-07-11,96,WITHDRAWAL,2140.0,2186.0,2.0,0
2017-07-11,96,WITHDRAWAL,644.0,2830.0,3.0,0
2017-07-14,96,WITHDRAWAL,908.0,3692.0,3.0,0
2017-07-27,96,WITHDRAWAL,4000.0,4000.0,1.0,0
2017-07-31,96,WITHDRAWAL,14.6,4014.6,2.0,0
2017-08-08,96,WITHDRAWAL,46.0,46.0,1.0,0
2017-08-11,96,WITHDRAWAL,2140.0,2186.0,2.0,0
2017-08-11,96,WITHDRAWAL,644.0,2830.0,3.0,0
2017-08-14,96,WITHDRAWAL,908.0,3692.0,3.0,0
2017-08-26,96,WITHDRAWAL,26200.0,26200.0,1.0,0
2017-08-31,96,WITHDRAWAL,14.6,14.6,1.0,0
2017-09-07,96,WITHDRAWAL,9600.0,9600.0,1.0,0
2017-09-08,96,WITHDRAWAL,46.0,9646.0,2.0,0
2017-09-11,96,WITHDRAWAL,2140.0,11786.0,3.0,0
2017-09-11,96,WITHDRAWAL,644.0,12430.0,4.0,0
2017-09-14,96,WITHDRAWAL,908.0,3692.0,3.0,0
2017-09-25,96,WITHDRAWAL,16800.0,16800.0,1.0,0
2017-09-30,96,WITHDRAWAL,14.6,14.6,1.0,0
2017-10-08,96,WITHDRAWAL,46.0,46.0,1.0,0
2017-10-11,96,WITHDRAWAL,2140.0,2186.0,2.0,0
2017-10-11,96,WITHDRAWAL,644.0,2830.0,3.0,0
2017-10-11,96,WITHDRAWAL,17800.0,20630.0,4.0,0
2017-10-14,96,WITHDRAWAL,908.0,21492.0,4.0,0
2017-10-25,96,WITHDRAWAL,10100.0,10100.0,1.0,0
2017-10-31,96,WITHDRAWAL,14.6,14.6,1.0,0
2017-11-08,96,WITHDRAWAL,46.0,46.0,1.0,0
2017-11-11,96,WITHDRAWAL,2140.0,2186.0,2.0,0
2017-11-11,96,WITHDRAWAL,644.0,2830.0,3.0,0
2017-11-14,96,WITHDRAWAL,908.0,3692.0,3.0,0
2017-11-23,96,WITHDRAWAL,11400.0,11400.0,1.0,0
2017-11-24,96,WITHDRAWAL,20500.0,31900.0,2.0,0
2017-11-30,96,WITHDRAWAL,14.6,14.6,1.0,0
2017-12-03,96,WITHDRAWAL,7200.0,7214.6,2.0,0
2017-12-08,96,WITHDRAWAL,46.0,46.0,1.0,0
2017-12-11,96,WITHDRAWAL,2140.0,2186.0,2.0,0
2017-12-11,96,WITHDRAWAL,644.0,2830.0,3.0,0
2017-12-11,96,WITHDRAWAL,52500.0,55330.0,4.0,0
2017-12-14,96,WITHDRAWAL,908.0,56192.0,4.0,0
2017-12-23,96,WITHDRAWAL,6900.0,6900.0,1.0,0
2017-12-24,96,WITHDRAWAL,1600.0,8500.0,2.0,0
2017-12-31,96,WITHDRAWAL,14.6,14.6,1.0,0
2018-01-01,96,WITHDRAWAL,2700.0,2714.6,2.0,0
2018-01-02,96,WITHDRAWAL,8700.0,11414.6,3.0,0
2018-01-07,96,WITHDRAWAL,8400.0,8400.0,1.0,0
2018-01-08,96,WITHDRAWAL,46.0,8446.0,2.0,0
2018-01-11,96,WITHDRAWAL,2140.0,10586.0,3.0,0
2018-01-11,96,WITHDRAWAL,644.0,11230.0,4.0,0
2018-01-14,96,WITHDRAWAL,908.0,3692.0,3.0,0
2018-01-17,96,WITHDRAWAL,6300.0,7208.0,2.0,0
2018-01-23,96,WITHDRAWAL,6100.0,6100.0,1.0,0
2018-01-25,96,WITHDRAWAL,2100.0,8200.0,2.0,0
2018-01-25,96,WITHDRAWAL,2700.0,10900.0,3.0,0
2018-01-31,96,WITHDRAWAL,14.6,14.6,1.0,0
2018-02-08,96,WITHDRAWAL,46.0,46.0,1.0,0
2018-02-11,96,WITHDRAWAL,2140.0,2186.0,2.0,0
2018-02-11,96,WITHDRAWAL,644.0,2830.0,3.0,0
2018-02-14,96,WITHDRAWAL,908.0,3692.0,3.0,0
2018-02-22,96,WITHDRAWAL,17700.0,17700.0,1.0,0
2018-02-28,96,WITHDRAWAL,14.6,14.6,1.0,0
2018-03-08,96,WITHDRAWAL,46.0,46.0,1.0,0
2018-03-11,96,WITHDRAWAL,2140.0,2186.0,2.0,0
2018-03-11,96,WITHDRAWAL,644.0,2830.0,3.0,0
2018-03-11,96,WITHDRAWAL,40600.0,43430.0,4.0,0
2018-03-14,96,WITHDRAWAL,908.0,44292.0,4.0,0
2018-03-24,96,WITHDRAWAL,7100.0,7100.0,1.0,0
2018-03-31,96,WITHDRAWAL,14.6,14.6,1.0,0
2018-04-04,96,WITHDRAWAL,8700.0,8714.6,2.0,0
2018-04-08,96,WITHDRAWAL,46.0,8746.0,2.0,0
2018-04-11,96,WITHDRAWAL,2140.0,2186.0,2.0,0
2018-04-11,96,WITHDRAWAL,644.0,2830.0,3.0,0
2018-04-14,96,WITHDRAWAL,908.0,3692.0,3.0,0
2018-04-23,96,WITHDRAWAL,16900.0,16900.0,1.0,0
2018-04-30,96,WITHDRAWAL,14.6,14.6,1.0,0
2018-05-08,96,WITHDRAWAL,46.0,46.0,1.0,0
2018-05-11,96,WITHDRAWAL,2140.0,2186.0,2.0,0
2018-05-11,96,WITHDRAWAL,644.0,2830.0,3.0,0
2018-05-11,96,WITHDRAWAL,34300.0,37130.0,4.0,0
2018-05-14,96,WITHDRAWAL,908.0,37992.0,4.0,0
2018-05-18,96,WITHDRAWAL,2100.0,3008.0,2.0,0
2018-05-23,96,WITHDRAWAL,8800.0,8800.0,1.0,0
2018-05-31,96,WITHDRAWAL,14.6,14.6,1.0,0
2018-06-08,96,WITHDRAWAL,46.0,46.0,1.0,0
2018-06-09,96,WITHDRAWAL,39600.0,39646.0,2.0,0
2018-06-11,96,WITHDRAWAL,2140.0,41786.0,3.0,0
2018-06-11,96,WITHDRAWAL,644.0,42430.0,4.0,0
2018-06-14,96,WITHDRAWAL,908.0,3692.0,3.0,0
2018-06-22,96,WITHDRAWAL,15700.0,15700.0,1.0,0
2018-06-30,96,WITHDRAWAL,14.6,14.6,1.0,0
2018-07-08,96,WITHDRAWAL,46.0,46.0,1.0,0
2018-07-11,96,WITHDRAWAL,2140.0,2186.0,2.0,0
2018-07-11,96,WITHDRAWAL,644.0,2830.0,3.0,0
2018-07-11,96,WITHDRAWAL,38400.0,41230.0,4.0,0
2018-07-14,96,WITHDRAWAL,908.0,42092.0,4.0,0
2018-07-31,96,WITHDRAWAL,14.6,14.6,1.0,0
2018-08-08,96,WITHDRAWAL,46.0,46.0,1.0,0
2018-08-11,96,WITHDRAWAL,2140.0,2186.0,2.0,0
2018-08-11,96,WITHDRAWAL,644.0,2830.0,3.0,0
2018-08-14,96,WITHDRAWAL,908.0,3692.0,3.0,0
2018-08-21,96,WITHDRAWAL,2000.0,2000.0,1.0,0
2018-08-31,96,WITHDRAWAL,14.6,14.6,1.0,0
2018-09-08,96,WITHDRAWAL,46.0,46.0,1.0,0
2018-09-11,96,WITHDRAWAL,2140.0,2186.0,2.0,0
2018-09-11,96,WITHDRAWAL,644.0,2830.0,3.0,0
2018-09-14,96,WITHDRAWAL,908.0,3692.0,3.0,0
2018-09-20,96,WITHDRAWAL,14600.0,14600.0,1.0,0
2018-09-30,96,WITHDRAWAL,14.6,14.6,1.0,0
2018-10-07,96,WITHDRAWAL,11700.0,11700.0,1.0,0
2018-10-08,96,WITHDRAWAL,46.0,11746.0,2.0,0
2018-10-11,96,WITHDRAWAL,2140.0,13886.0,3.0,0
2018-10-11,96,WITHDRAWAL,644.0,14530.0,4.0,0
2018-10-14,96,WITHDRAWAL,908.0,3692.0,3.0,0
2018-10-20,96,WITHDRAWAL,9600.0,9600.0,1.0,0
2018-10-31,96,WITHDRAWAL,14.6,14.6,1.0,0
2018-11-08,96,WITHDRAWAL,46.0,46.0,1.0,0
2018-11-11,96,WITHDRAWAL,2140.0,2186.0,2.0,0
2018-11-11,96,WITHDRAWAL,644.0,2830.0,3.0,0
2018-11-14,96,WITHDRAWAL,908.0,3692.0,3.0,0
2018-11-19,96,WITHDRAWAL,16200.0,16200.0,1.0,0
2018-11-30,96,WITHDRAWAL,14.6,14.6,1.0,0
2018-12-08,96,WITHDRAWAL,46.0,46.0,1.0,0
2018-12-09,96,WITHDRAWAL,10500.0,10546.0,2.0,0
2018-12-11,96,WITHDRAWAL,2140.0,12686.0,3.0,0
2018-12-11,96,WITHDRAWAL,644.0,13330.0,4.0,0
2018-12-11,96,WITHDRAWAL,59800.0,73130.0,5.0,0
2018-12-14,96,WITHDRAWAL,908.0,63492.0,4.0,0
2018-12-19,96,WITHDRAWAL,1100.0,1100.0,1.0,0
2018-12-21,96,WITHDRAWAL,7500.0,8600.0,2.0,0
2013-12-26,173,WITHDRAWAL,2300.0,2300.0,1.0,0
2014-01-25,173,WITHDRAWAL,6700.0,6700.0,1.0,0
2014-02-24,173,WITHDRAWAL,12900.0,12900.0,1.0,0
2014-03-26,173,WITHDRAWAL,16400.0,16400.0,1.0,0
2014-04-11,173,WITHDRAWAL,6256.0,6256.0,1.0,0
2014-04-12,173,WITHDRAWAL,735.0,6991.0,2.0,0
2014-04-13,173,WITHDRAWAL,189.0,7180.0,3.0,0
2014-04-14,173,WITHDRAWAL,1428.0,8608.0,4.0,0
2014-04-14,173,WITHDRAWAL,8800.0,17408.0,5.0,0
2014-04-25,173,WITHDRAWAL,6200.0,6200.0,1.0,0
2014-04-30,173,WITHDRAWAL,14.6,14.6,1.0,0
2014-05-02,173,WITHDRAWAL,2400.0,2414.6,2.0,0
2014-05-11,173,WITHDRAWAL,6256.0,6256.0,1.0,0
2014-05-12,173,WITHDRAWAL,735.0,6991.0,2.0,0
2014-05-13,173,WITHDRAWAL,189.0,7180.0,3.0,0
2014-05-14,173,WITHDRAWAL,1428.0,8608.0,4.0,0
2014-05-17,173,WITHDRAWAL,8800.0,10417.0,3.0,0
2014-05-25,173,WITHDRAWAL,3900.0,3900.0,1.0,0
2014-05-31,173,WITHDRAWAL,14.6,14.6,1.0,0
2014-06-11,173,WITHDRAWAL,6256.0,6256.0,1.0,0
2014-06-12,173,WITHDRAWAL,735.0,6991.0,2.0,0
2014-06-12,173,WITHDRAWAL,8734.0,15725.0,3.0,0
2014-06-13,173,WITHDRAWAL,189.0,15914.0,4.0,0
2014-06-14,173,WITHDRAWAL,1428.0,17342.0,5.0,0
2014-06-24,173,WITHDRAWAL,7600.0,7600.0,1.0,0
2014-06-30,173,WITHDRAWAL,14.6,14.6,1.0,0
2014-07-11,173,WITHDRAWAL,6256.0,6256.0,1.0,0
2014-07-12,173,WITHDRAWAL,735.0,6991.0,2.0,0
2014-07-12,173,WITHDRAWAL,8734.0,15725.0,3.0,0
2014-07-13,173,WITHDRAWAL,189.0,15914.0,4.0,0
2014-07-14,173,WITHDRAWAL,1428.0,17342.0,5.0,0
2014-07-24,173,WITHDRAWAL,3400.0,3400.0,1.0,0
2014-07-31,173,WITHDRAWAL,14.6,14.6,1.0,0
2014-08-11,173,WITHDRAWAL,6256.0,6256.0,1.0,0
2014-08-12,173,WITHDRAWAL,735.0,6991.0,2.0,0
2014-08-12,173,WITHDRAWAL,8734.0,15725.0,3.0,0
2014-08-13,173,WITHDRAWAL,189.0,15914.0,4.0,0
2014-08-14,173,WITHDRAWAL,1428.0,17342.0,5.0,0
2014-08-23,173,WITHDRAWAL,800.0,800.0,1.0,0
2014-08-31,173,WITHDRAWAL,14.6,14.6,1.0,0
2014-09-11,173,WITHDRAWAL,6256.0,6256.0,1.0,0
2014-09-12,173,WITHDRAWAL,735.0,6991.0,2.0,0
2014-09-12,173,WITHDRAWAL,8734.0,15725.0,3.0,0
2014-09-13,173,WITHDRAWAL,189.0,15914.0,4.0,0
2014-09-14,173,WITHDRAWAL,1428.0,17342.0,5.0,0
2014-09-22,173,WITHDRAWAL,1400.0,1400.0,1.0,0
2014-09-30,173,WITHDRAWAL,14.6,14.6,1.0,0
2014-10-11,173,WITHDRAWAL,6256.0,6256.0,1.0,0
2014-10-12,173,WITHDRAWAL,735.0,6991.0,2.0,0
2014-10-12,173,WITHDRAWAL,8734.0,15725.0,3.0,0
2014-10-13,173,WITHDRAWAL,189.0,15914.0,4.0,0
2014-10-14,173,WITHDRAWAL,1428.0,17342.0,5.0,0
2014-10-31,173,WITHDRAWAL,14.6,14.6,1.0,0
2014-11-11,173,WITHDRAWAL,6256.0,6256.0,1.0,0
2014-11-12,173,WITHDRAWAL,735.0,6991.0,2.0,0
2014-11-12,173,WITHDRAWAL,8734.0,15725.0,3.0,0
2014-11-13,173,WITHDRAWAL,189.0,15914.0,4.0,0
2014-11-14,173,WITHDRAWAL,1428.0,17342.0,5.0,0
2014-11-21,173,WITHDRAWAL,1300.0,1300.0,1.0,0
2014-11-30,173,WITHDRAWAL,14.6,14.6,1.0,0
2014-12-11,173,WITHDRAWAL,6256.0,6256.0,1.0,0
2014-12-12,173,WITHDRAWAL,735.0,6991.0,2.0,0
2014-12-12,173,WITHDRAWAL,8734.0,15725.0,3.0,0
2014-12-13,173,WITHDRAWAL,189.0,15914.0,4.0,0
2014-12-14,173,WITHDRAWAL,1428.0,17342.0,5.0,0
2014-12-20,173,WITHDRAWAL,2560.0,2560.0,1.0,0
2014-12-21,173,WITHDRAWAL,2700.0,5260.0,2.0,0
2014-12-30,173,WITHDRAWAL,1320.0,1320.0,1.0,0
2014-12-31,173,WITHDRAWAL,14.6,1334.6,2.0,0
2015-01-04,173,WITHDRAWAL,2400.0,2414.6,2.0,0
2015-01-07,173,WITHDRAWAL,5400.0,7800.0,2.0,0
2015-01-10,173,WITHDRAWAL,600.0,6000.0,2.0,0
2015-01-11,173,WITHDRAWAL,6256.0,12256.0,3.0,0
2015-01-12,173,WITHDRAWAL,735.0,7591.0,3.0,0
2015-01-12,173,WITHDRAWAL,8734.0,16325.0,4.0,0
2015-01-12,173,WITHDRAWAL,2640.0,18965.0,5.0,0
2015-01-13,173,WITHDRAWAL,189.0,19154.0,6.0,0
2015-01-14,173,WITHDRAWAL,1428.0,20582.0,7.0,0
2015-01-19,173,WITHDRAWAL,2240.0,2240.0,1.0,0
2015-01-21,173,WITHDRAWAL,720.0,2960.0,2.0,0
2015-01-23,173,WITHDRAWAL,2040.0,5000.0,3.0,0
2015-01-29,173,WITHDRAWAL,960.0,960.0,1.0,0
2015-01-31,173,WITHDRAWAL,840.0,1800.0,2.0,0
2015-01-31,173,WITHDRAWAL,14.6,1814.6,3.0,0
2015-02-11,173,WITHDRAWAL,6256.0,6256.0,1.0,0
2015-02-12,173,WITHDRAWAL,735.0,6991.0,2.0,0
2015-02-12,173,WITHDRAWAL,8734.0,15725.0,3.0,0
2015-02-13,173,WITHDRAWAL,189.0,15914.0,4.0,0
2015-02-14,173,WITHDRAWAL,1428.0,17342.0,5.0,0
2015-02-28,173,WITHDRAWAL,14.6,14.6,1.0,0
2015-03-11,173,WITHDRAWAL,6256.0,6256.0,1.0,0
2015-03-12,173,WITHDRAWAL,735.0,6991.0,2.0,0
2015-03-12,173,WITHDRAWAL,8734.0,15725.0,3.0,0
2015-03-13,173,WITHDRAWAL,189.0,15914.0,4.0,0
2015-03-14,173,WITHDRAWAL,1428.0,17342.0,5.0,0
2015-03-31,173,WITHDRAWAL,14.6,14.6,1.0,0
2015-04-11,173,WITHDRAWAL,6256.0,6256.0,1.0,0
2015-04-12,173,WITHDRAWAL,735.0,6991.0,2.0,0
2015-04-12,173,WITHDRAWAL,8734.0,15725.0,3.0,0
2015-04-13,173,WITHDRAWAL,189.0,15914.0,4.0,0
2015-04-14,173,WITHDRAWAL,1428.0,17342.0,5.0,0
2015-04-20,173,WITHDRAWAL,1000.0,1000.0,1.0,0
2015-04-30,173,WITHDRAWAL,14.6,14.6,1.0,0
2015-05-11,173,WITHDRAWAL,6256.0,6256.0,1.0,0
2015-05-12,173,WITHDRAWAL,735.0,6991.0,2.0,0
2015-05-12,173,WITHDRAWAL,8734.0,15725.0,3.0,0
2015-05-13,173,WITHDRAWAL,189.0,15914.0,4.0,0
2015-05-14,173,WITHDRAWAL,1428.0,17342.0,5.0,0
2015-05-29,173,WITHDRAWAL,8200.0,8200.0,1.0,0
2015-05-31,173,WITHDRAWAL,14.6,8214.6,2.0,0
2015-06-01,173,WITHDRAWAL,5120.0,13334.6,3.0,0
2015-06-11,173,WITHDRAWAL,6256.0,6256.0,1.0,0
2015-06-12,173,WITHDRAWAL,735.0,6991.0,2.0,0
2015-06-13,173,WITHDRAWAL,189.0,7180.0,3.0,0
2015-06-14,173,WITHDRAWAL,1428.0,8608.0,4.0,0
2015-06-19,173,WITHDRAWAL,2400.0,2400.0,1.0,0
2015-06-30,173,WITHDRAWAL,14.6,14.6,1.0,0
2015-07-11,173,WITHDRAWAL,6256.0,6256.0,1.0,0
2015-07-12,173,WITHDRAWAL,735.0,6991.0,2.0,0
2015-07-13,173,WITHDRAWAL,189.0,7180.0,3.0,0
2015-07-14,173,WITHDRAWAL,1428.0,8608.0,4.0,0
2015-07-18,173,WITHDRAWAL,8700.0,10128.0,2.0,0
2015-07-19,173,WITHDRAWAL,900.0,9600.0,2.0,0
2015-07-31,173,WITHDRAWAL,14.6,14.6,1.0,0
2015-08-11,173,WITHDRAWAL,6256.0,6256.0,1.0,0
2015-08-12,173,WITHDRAWAL,735.0,6991.0,2.0,0
2015-08-13,173,WITHDRAWAL,189.0,7180.0,3.0,0
2015-08-14,173,WITHDRAWAL,1428.0,8608.0,4.0,0
2015-08-14,173,WITHDRAWAL,5900.0,14508.0,5.0,0
2015-08-18,173,WITHDRAWAL,300.0,7628.0,3.0,0
2015-08-31,173,WITHDRAWAL,8600.0,8600.0,1.0,0
2015-08-31,173,WITHDRAWAL,14.6,8614.6,2.0,0
2015-09-11,173,WITHDRAWAL,6256.0,6256.0,1.0,0
2015-09-12,173,WITHDRAWAL,735.0,6991.0,2.0,0
2015-09-13,173,WITHDRAWAL,189.0,7180.0,3.0,0
2015-09-14,173,WITHDRAWAL,1428.0,8608.0,4.0,0
2015-09-17,173,WITHDRAWAL,800.0,2417.0,3.0,0
2015-09-30,173,WITHDRAWAL,14.6,14.6,1.0,0
2015-10-02,173,WITHDRAWAL,12200.0,12214.6,2.0,0
2015-10-11,173,WITHDRAWAL,6256.0,6256.0,1.0,0
2015-10-12,173,WITHDRAWAL,735.0,6991.0,2.0,0
2015-10-13,173,WITHDRAWAL,189.0,7180.0,3.0,0
2015-10-14,173,WITHDRAWAL,1428.0,8608.0,4.0,0
2015-10-31,173,WITHDRAWAL,14.6,14.6,1.0,0
2015-11-11,173,WITHDRAWAL,6256.0,6256.0,1.0,0
2015-11-12,173,WITHDRAWAL,735.0,6991.0,2.0,0
2015-11-13,173,WITHDRAWAL,189.0,7180.0,3.0,0
2015-11-14,173,WITHDRAWAL,1428.0,8608.0,4.0,0
2015-11-22,173,WITHDRAWAL,13200.0,13200.0,1.0,0
2015-11-30,173,WITHDRAWAL,14.6,14.6,1.0,0
2015-12-11,173,WITHDRAWAL,6256.0,6256.0,1.0,0
2015-12-12,173,WITHDRAWAL,735.0,6991.0,2.0,0
2015-12-13,173,WITHDRAWAL,189.0,7180.0,3.0,0
2015-12-14,173,WITHDRAWAL,1428.0,8608.0,4.0,0
2015-12-16,173,WITHDRAWAL,2300.0,4652.0,4.0,0
2015-12-22,173,WITHDRAWAL,1920.0,1920.0,1.0,0
2015-12-26,173,WITHDRAWAL,10300.0,12220.0,2.0,0
2015-12-31,173,WITHDRAWAL,14.6,14.6,1.0,0
2016-01-01,173,WITHDRAWAL,1680.0,1694.6,2.0,0
2016-01-04,173,WITHDRAWAL,9120.0,10814.6,3.0,0
2016-01-07,173,WITHDRAWAL,1320.0,10440.0,2.0,0
2016-01-11,173,WITHDRAWAL,6256.0,7576.0,2.0,0
2016-01-12,173,WITHDRAWAL,735.0,6991.0,2.0,0
2016-01-13,173,WITHDRAWAL,189.0,7180.0,3.0,0
2016-01-14,173,WITHDRAWAL,1428.0,8608.0,4.0,0
2016-01-15,173,WITHDRAWAL,1080.0,9688.0,5.0,0
2016-01-22,173,WITHDRAWAL,3120.0,3120.0,1.0,0
2016-01-23,173,WITHDRAWAL,7300.0,10420.0,2.0,0
2016-01-23,173,WITHDRAWAL,1440.0,11860.0,3.0,0
2016-01-30,173,WITHDRAWAL,840.0,840.0,1.0,0
2016-01-31,173,WITHDRAWAL,14.6,854.6,2.0,0
2016-02-11,173,WITHDRAWAL,6256.0,6256.0,1.0,0
2016-02-12,173,WITHDRAWAL,735.0,6991.0,2.0,0
2016-02-13,173,WITHDRAWAL,189.0,7180.0,3.0,0
2016-02-14,173,WITHDRAWAL,1428.0,8608.0,4.0,0
2016-02-22,173,WITHDRAWAL,6500.0,6500.0,1.0,0
2016-02-29,173,WITHDRAWAL,14.6,14.6,1.0,0
2016-03-08,173,WITHDRAWAL,8600.0,8600.0,1.0,0
2016-03-11,173,WITHDRAWAL,6256.0,14856.0,2.0,0
2016-03-12,173,WITHDRAWAL,735.0,15591.0,3.0,0
2016-03-13,173,WITHDRAWAL,189.0,7180.0,3.0,0
2016-03-14,173,WITHDRAWAL,1428.0,8608.0,4.0,0
2016-03-19,173,WITHDRAWAL,3600.0,3600.0,1.0,0
2016-03-31,173,WITHDRAWAL,14.6,14.6,1.0,0
2016-04-11,173,WITHDRAWAL,6256.0,6256.0,1.0,0
2016-04-12,173,WITHDRAWAL,735.0,6991.0,2.0,0
2016-04-13,173,WITHDRAWAL,189.0,7180.0,3.0,0
2016-04-14,173,WITHDRAWAL,1428.0,8608.0,4.0,0
2016-04-14,173,WITHDRAWAL,7200.0,15808.0,5.0,0
2016-04-30,173,WITHDRAWAL,14.6,14.6,1.0,0
2016-05-11,173,WITHDRAWAL,6256.0,6256.0,1.0,0
2016-05-12,173,WITHDRAWAL,735.0,6991.0,2.0,0
2016-05-13,173,WITHDRAWAL,189.0,7180.0,3.0,0
2016-05-14,173,WITHDRAWAL,1428.0,8608.0,4.0,0
2016-05-17,173,WITHDRAWAL,10500.0,12117.0,3.0,0
2016-05-18,173,WITHDRAWAL,1680.0,13608.0,3.0,0
2016-05-22,173,WITHDRAWAL,5040.0,6720.0,2.0,0
2016-05-31,173,WITHDRAWAL,14.6,14.6,1.0,0
2016-06-08,173,WITHDRAWAL,9000.0,9000.0,1.0,0
2016-06-11,173,WITHDRAWAL,6256.0,15256.0,2.0,0
2016-06-12,173,WITHDRAWAL,735.0,15991.0,3.0,0
2016-06-13,173,WITHDRAWAL,189.0,7180.0,3.0,0
2016-06-13,173,WITHDRAWAL,2500.0,9680.0,4.0,0
2016-06-14,173,WITHDRAWAL,1428.0,11108.0,5.0,0
2016-06-30,173,WITHDRAWAL,14.6,14.6,1.0,0
2016-07-11,173,WITHDRAWAL,6256.0,6256.0,1.0,0
2016-07-12,173,WITHDRAWAL,735.0,6991.0,2.0,0
2016-07-13,173,WITHDRAWAL,189.0,7180.0,3.0,0
2016-07-14,173,WITHDRAWAL,1428.0,8608.0,4.0,0
2016-07-17,173,WITHDRAWAL,7300.0,8917.0,3.0,0
2016-07-31,173,WITHDRAWAL,14.6,14.6,1.0,0
2016-08-05,173,WITHDRAWAL,8500.0,8500.0,1.0,0
2016-08-11,173,WITHDRAWAL,6256.0,6256.0,1.0,0
2016-08-12,173,WITHDRAWAL,735.0,6991.0,2.0,0
2016-08-12,173,WITHDRAWAL,4800.0,11791.0,3.0,0
2016-08-13,173,WITHDRAWAL,189.0,11980.0,4.0,0
2016-08-14,173,WITHDRAWAL,1428.0,13408.0,5.0,0
2016-08-31,173,WITHDRAWAL,14.6,14.6,1.0,0
2016-09-04,173,WITHDRAWAL,8500.0,8514.6,2.0,0
2016-09-11,173,WITHDRAWAL,6256.0,6256.0,1.0,0
2016-09-11,173,WITHDRAWAL,5700.0,11956.0,2.0,0
2016-09-12,173,WITHDRAWAL,735.0,12691.0,3.0,0
2016-09-13,173,WITHDRAWAL,189.0,12880.0,4.0,0
2016-09-14,173,WITHDRAWAL,1428.0,14308.0,5.0,0
2016-09-30,173,WITHDRAWAL,14.6,14.6,1.0,0
2016-10-08,173,WITHDRAWAL,600.0,600.0,1.0,0
2016-10-11,173,WITHDRAWAL,6256.0,6856.0,2.0,0
2016-10-11,173,WITHDRAWAL,9400.0,16256.0,3.0,0
2016-10-11,173,WITHDRAWAL,2100.0,18356.0,4.0,0
2016-10-12,173,WITHDRAWAL,735.0,19091.0,5.0,0
2016-10-13,173,WITHDRAWAL,189.0,18680.0,5.0,0
2016-10-14,173,WITHDRAWAL,1428.0,20108.0,6.0,0
2016-10-31,173,WITHDRAWAL,14.6,14.6,1.0,0
2016-11-10,173,WITHDRAWAL,7800.0,7800.0,1.0,0
2016-11-11,173,WITHDRAWAL,6256.0,14056.0,2.0,0
2016-11-12,173,WITHDRAWAL,735.0,14791.0,3.0,0
2016-11-13,173,WITHDRAWAL,189.0,14980.0,4.0,0
2016-11-14,173,WITHDRAWAL,1428.0,16408.0,5.0,0
2016-11-14,173,WITHDRAWAL,6400.0,22808.0,6.0,0
2016-11-30,173,WITHDRAWAL,14.6,14.6,1.0,0
2016-12-09,173,WITHDRAWAL,3120.0,3120.0,1.0,0
2016-12-10,173,WITHDRAWAL,3200.0,6320.0,2.0,0
2016-12-11,173,WITHDRAWAL,6256.0,12576.0,3.0,0
2016-12-11,173,WITHDRAWAL,3520.0,16096.0,4.0,0
2016-12-12,173,WITHDRAWAL,735.0,16831.0,5.0,0
2016-12-13,173,WITHDRAWAL,189.0,17020.0,6.0,0
2016-12-14,173,WITHDRAWAL,1428.0,15328.0,6.0,0
2016-12-15,173,WITHDRAWAL,8300.0,20428.0,6.0,0
2016-12-31,173,WITHDRAWAL,14.6,14.6,1.0,0
2017-01-11,173,WITHDRAWAL,6256.0,6256.0,1.0,0
2017-01-11,173,WITHDRAWAL,2040.0,8296.0,2.0,0
2017-01-12,173,WITHDRAWAL,735.0,9031.0,3.0,0
2017-01-13,173,WITHDRAWAL,189.0,9220.0,4.0,0
2017-01-14,173,WITHDRAWAL,1428.0,10648.0,5.0,0
2017-01-14,173,WITHDRAWAL,8100.0,18748.0,6.0,0
2017-01-27,173,WITHDRAWAL,8800.0,8800.0,1.0,0
2017-01-31,173,WITHDRAWAL,14.6,8814.6,2.0,0
2017-02-11,173,WITHDRAWAL,6256.0,6256.0,1.0,0
2017-02-12,173,WITHDRAWAL,735.0,6991.0,2.0,0
2017-02-13,173,WITHDRAWAL,189.0,7180.0,3.0,0
2017-02-14,173,WITHDRAWAL,1428.0,8608.0,4.0,0
2017-02-28,173,WITHDRAWAL,14.6,14.6,1.0,0
2017-03-04,173,WITHDRAWAL,7100.0,7114.6,2.0,0
2017-03-10,173,WITHDRAWAL,2900.0,2900.0,1.0,0
2017-03-11,173,WITHDRAWAL,6256.0,9156.0,2.0,0
2017-03-12,173,WITHDRAWAL,735.0,9891.0,3.0,0
2017-03-13,173,WITHDRAWAL,189.0,10080.0,4.0,0
2017-03-14,173,WITHDRAWAL,1428.0,11508.0,5.0,0
2017-03-31,173,WITHDRAWAL,14.6,14.6,1.0,0
2017-04-09,173,WITHDRAWAL,5800.0,5800.0,1.0,0
2017-04-11,173,WITHDRAWAL,6256.0,12056.0,2.0,0
2017-04-12,173,WITHDRAWAL,735.0,12791.0,3.0,0
2017-04-13,173,WITHDRAWAL,189.0,12980.0,4.0,0
2017-04-14,173,WITHDRAWAL,1428.0,8608.0,4.0,0
2017-04-24,173,WITHDRAWAL,7300.0,7300.0,1.0,0
2017-04-30,173,WITHDRAWAL,14.6,14.6,1.0,0
2017-05-10,173,WITHDRAWAL,7100.0,7100.0,1.0,0
2017-05-11,173,WITHDRAWAL,6256.0,13356.0,2.0,0
2017-05-12,173,WITHDRAWAL,735.0,14091.0,3.0,0
2017-05-13,173,WITHDRAWAL,189.0,14280.0,4.0,0
2017-05-14,173,WITHDRAWAL,1428.0,15708.0,5.0,0
2017-05-31,173,WITHDRAWAL,14.6,14.6,1.0,0
2017-06-11,173,WITHDRAWAL,6256.0,6256.0,1.0,0
2017-06-12,173,WITHDRAWAL,735.0,6991.0,2.0,0
2017-06-13,173,WITHDRAWAL,189.0,7180.0,3.0,0
2017-06-14,173,WITHDRAWAL,1428.0,8608.0,4.0,0
2017-06-21,173,WITHDRAWAL,17440.0,17440.0,1.0,0
2017-06-24,173,WITHDRAWAL,7000.0,24440.0,2.0,0
2017-06-30,173,WITHDRAWAL,14.6,14.6,1.0,0
2017-07-11,173,WITHDRAWAL,6256.0,6256.0,1.0,0
2017-07-11,173,WITHDRAWAL,10900.0,17156.0,2.0,0
2017-07-12,173,WITHDRAWAL,735.0,17891.0,3.0,0
2017-07-13,173,WITHDRAWAL,189.0,18080.0,4.0,0
2017-07-14,173,WITHDRAWAL,1428.0,19508.0,5.0,0
2017-07-28,173,WITHDRAWAL,9500.0,9500.0,1.0,0
2017-07-31,173,WITHDRAWAL,14.6,9514.6,2.0,0
2017-08-11,173,WITHDRAWAL,6256.0,6256.0,1.0,0
2017-08-12,173,WITHDRAWAL,735.0,6991.0,2.0,0
2017-08-13,173,WITHDRAWAL,189.0,7180.0,3.0,0
2017-08-14,173,WITHDRAWAL,1428.0,8608.0,4.0,0
2017-08-31,173,WITHDRAWAL,14.6,14.6,1.0,0
2017-09-01,173,WITHDRAWAL,3240.0,3254.6,2.0,0
2017-09-06,173,WITHDRAWAL,9600.0,9600.0,1.0,0
2017-09-11,173,WITHDRAWAL,6256.0,6256.0,1.0,0
2017-09-12,173,WITHDRAWAL,735.0,6991.0,2.0,0
2017-09-13,173,WITHDRAWAL,189.0,7180.0,3.0,0
2017-09-14,173,WITHDRAWAL,1428.0,8608.0,4.0,0
2017-09-30,173,WITHDRAWAL,14.6,14.6,1.0,0
2017-10-09,173,WITHDRAWAL,6200.0,6200.0,1.0,0
2017-10-11,173,WITHDRAWAL,6256.0,12456.0,2.0,0
2017-10-12,173,WITHDRAWAL,735.0,13191.0,3.0,0
2017-10-13,173,WITHDRAWAL,189.0,13380.0,4.0,0
2017-10-14,173,WITHDRAWAL,1428.0,8608.0,4.0,0
2017-10-31,173,WITHDRAWAL,14.6,14.6,1.0,0
2017-11-03,173,WITHDRAWAL,8800.0,8814.6,2.0,0
2017-11-11,173,WITHDRAWAL,6256.0,6256.0,1.0,0
2017-11-12,173,WITHDRAWAL,735.0,6991.0,2.0,0
2017-11-13,173,WITHDRAWAL,189.0,7180.0,3.0,0
2017-11-14,173,WITHDRAWAL,1428.0,8608.0,4.0,0
2017-11-30,173,WITHDRAWAL,14.6,14.6,1.0,0
2017-12-11,173,WITHDRAWAL,6256.0,6256.0,1.0,0
2017-12-12,173,WITHDRAWAL,735.0,6991.0,2.0,0
2017-12-13,173,WITHDRAWAL,189.0,7180.0,3.0,0
2017-12-14,173,WITHDRAWAL,1428.0,8608.0,4.0,0
2017-12-20,173,WITHDRAWAL,1920.0,1920.0,1.0,0
2017-12-27,173,WITHDRAWAL,7900.0,7900.0,1.0,0
2017-12-31,173,WITHDRAWAL,14.6,7914.6,2.0,0
2018-01-04,173,WITHDRAWAL,3500.0,3514.6,2.0,0
2018-01-05,173,WITHDRAWAL,9300.0,12800.0,2.0,0
2018-01-05,173,WITHDRAWAL,11520.0,24320.0,3.0,0
2018-01-09,173,WITHDRAWAL,3240.0,24060.0,3.0,0
2018-01-10,173,WITHDRAWAL,2040.0,5280.0,2.0,0
2018-01-11,173,WITHDRAWAL,6256.0,11536.0,3.0,0
2018-01-12,173,WITHDRAWAL,735.0,12271.0,4.0,0
2018-01-12,173,WITHDRAWAL,1080.0,13351.0,5.0,0
2018-01-13,173,WITHDRAWAL,189.0,13540.0,6.0,0
2018-01-14,173,WITHDRAWAL,1428.0,11728.0,6.0,0
2018-01-20,173,WITHDRAWAL,1200.0,1200.0,1.0,0
2018-01-20,173,WITHDRAWAL,3240.0,4440.0,2.0,0
2018-01-25,173,WITHDRAWAL,3000.0,3000.0,1.0,0
2018-01-26,173,WITHDRAWAL,2400.0,5400.0,2.0,0
2018-01-26,173,WITHDRAWAL,1320.0,6720.0,3.0,0
2018-01-31,173,WITHDRAWAL,14.6,14.6,1.0,0
2018-02-05,173,WITHDRAWAL,11700.0,11700.0,1.0,0
2018-02-11,173,WITHDRAWAL,6256.0,6256.0,1.0,0
2018-02-12,173,WITHDRAWAL,735.0,6991.0,2.0,0
2018-02-13,173,WITHDRAWAL,189.0,7180.0,3.0,0
2018-02-14,173,WITHDRAWAL,1428.0,8608.0,4.0,0
2018-02-28,173,WITHDRAWAL,14.6,14.6,1.0,0
2018-03-03,173,WITHDRAWAL,11000.0,11014.6,2.0,0
2018-03-11,173,WITHDRAWAL,6256.0,6256.0,1.0,0
2018-03-11,173,WITHDRAWAL,3120.0,9376.0,2.0,0
2018-03-12,173,WITHDRAWAL,735.0,10111.0,3.0,0
2018-03-13,173,WITHDRAWAL,189.0,10300.0,4.0,0
2018-03-14,173,WITHDRAWAL,1428.0,11728.0,5.0,0
2018-03-31,173,WITHDRAWAL,14.6,14.6,1.0,0
2018-04-10,173,WITHDRAWAL,8100.0,8100.0,1.0,0
2018-04-11,173,WITHDRAWAL,6256.0,14356.0,2.0,0
2018-04-12,173,WITHDRAWAL,735.0,15091.0,3.0,0
2018-04-13,173,WITHDRAWAL,189.0,15280.0,4.0,0
2018-04-14,173,WITHDRAWAL,1428.0,16708.0,5.0,0
2018-04-30,173,WITHDRAWAL,14.6,14.6,1.0,0
2018-05-11,173,WITHDRAWAL,6256.0,6256.0,1.0,0
2018-05-12,173,WITHDRAWAL,735.0,6991.0,2.0,0
2018-05-13,173,WITHDRAWAL,189.0,7180.0,3.0,0
2018-05-14,173,WITHDRAWAL,1428.0,8608.0,4.0,0
2018-05-20,173,WITHDRAWAL,6300.0,6300.0,1.0,0
2018-05-31,173,WITHDRAWAL,5800.0,5800.0,1.0,0
2018-05-31,173,WITHDRAWAL,14.6,5814.6,2.0,0
2018-06-04,173,WITHDRAWAL,18560.0,24374.6,3.0,0
2018-06-11,173,WITHDRAWAL,6256.0,6256.0,1.0,0
2018-06-12,173,WITHDRAWAL,735.0,6991.0,2.0,0
2018-06-13,173,WITHDRAWAL,189.0,7180.0,3.0,0
2018-06-14,173,WITHDRAWAL,1428.0,8608.0,4.0,0
2018-06-30,173,WITHDRAWAL,14.6,14.6,1.0,0
2018-07-06,173,WITHDRAWAL,3840.0,3840.0,1.0,0
2018-07-11,173,WITHDRAWAL,6256.0,6256.0,1.0,0
2018-07-12,173,WITHDRAWAL,735.0,6991.0,2.0,0
2018-07-13,173,WITHDRAWAL,189.0,7180.0,3.0,0
2018-07-14,173,WITHDRAWAL,1428.0,8608.0,4.0,0
2018-07-21,173,WITHDRAWAL,7500.0,7500.0,1.0,0
2018-07-31,173,WITHDRAWAL,14.6,14.6,1.0,0
2018-08-09,173,WITHDRAWAL,9400.0,9400.0,1.0,0
2018-08-11,173,WITHDRAWAL,6256.0,15656.0,2.0,0
2018-08-12,173,WITHDRAWAL,735.0,16391.0,3.0,0
2018-08-13,173,WITHDRAWAL,189.0,16580.0,4.0,0
2018-08-14,173,WITHDRAWAL,1428.0,8608.0,4.0,0
2018-08-31,173,WITHDRAWAL,14.6,14.6,1.0,0
2018-09-11,173,WITHDRAWAL,6256.0,6256.0,1.0,0
2018-09-12,173,WITHDRAWAL,735.0,6991.0,2.0,0
2018-09-13,173,WITHDRAWAL,189.0,7180.0,3.0,0
2018-09-14,173,WITHDRAWAL,1428.0,8608.0,4.0,0
2018-09-17,173,WITHDRAWAL,9300.0,10917.0,3.0,0
2018-09-28,173,WITHDRAWAL,5040.0,5040.0,1.0,0
2018-09-30,173,WITHDRAWAL,14.6,5054.6,2.0,0
2018-10-11,173,WITHDRAWAL,6256.0,6256.0,1.0,0
2018-10-12,173,WITHDRAWAL,735.0,6991.0,2.0,0
2018-10-13,173,WITHDRAWAL,189.0,7180.0,3.0,0
2018-10-14,173,WITHDRAWAL,1428.0,8608.0,4.0,0
2018-10-15,173,WITHDRAWAL,7700.0,16308.0,5.0,0
2018-10-16,173,WITHDRAWAL,5040.0,15092.0,5.0,0
2018-10-31,173,WITHDRAWAL,14.6,14.6,1.0,0
2018-11-02,173,WITHDRAWAL,11400.0,11414.6,2.0,0
2018-11-11,173,WITHDRAWAL,6256.0,6256.0,1.0,0
2018-11-12,173,WITHDRAWAL,735.0,6991.0,2.0,0
2018-11-13,173,WITHDRAWAL,189.0,7180.0,3.0,0
2018-11-14,173,WITHDRAWAL,1428.0,8608.0,4.0,0
2018-11-30,173,WITHDRAWAL,14.6,14.6,1.0,0
2018-11-30,173,WITHDRAWAL,700.0,714.6,2.0,0
2018-12-11,173,WITHDRAWAL,6256.0,6256.0,1.0,0
2018-12-12,173,WITHDRAWAL,735.0,6991.0,2.0,0
2018-12-12,173,WITHDRAWAL,1440.0,8431.0,3.0,0
2018-12-13,173,WITHDRAWAL,189.0,8620.0,4.0,0
2018-12-13,173,WITHDRAWAL,9900.0,18520.0,5.0,0
2018-12-14,173,WITHDRAWAL,1428.0,19948.0,6.0,0
2018-12-27,173,WITHDRAWAL,4200.0,4200.0,1.0,0
2013-05-07,396,WITHDRAWAL,10700.0,10700.0,1.0,0
2013-06-06,396,WITHDRAWAL,21700.0,21700.0,1.0,0
2013-07-06,396,WITHDRAWAL,23500.0,23500.0,1.0,0
2013-08-05,396,WITHDRAWAL,5245.0,5245.0,1.0,0
2013-08-05,396,WITHDRAWAL,19800.0,25045.0,2.0,0
2013-08-06,396,WITHDRAWAL,308.0,25353.0,3.0,0
2013-08-11,396,WITHDRAWAL,261.0,261.0,1.0,0
2013-08-13,396,WITHDRAWAL,68.0,329.0,2.0,0
2013-08-31,396,WITHDRAWAL,14.6,14.6,1.0,0
2013-09-04,396,WITHDRAWAL,10700.0,10714.6,2.0,0
2013-09-05,396,WITHDRAWAL,5245.0,15945.0,2.0,0
2013-09-06,396,WITHDRAWAL,308.0,16253.0,3.0,0
2013-09-11,396,WITHDRAWAL,261.0,261.0,1.0,0
2013-09-13,396,WITHDRAWAL,68.0,329.0,2.0,0
2013-09-30,396,WITHDRAWAL,14.6,14.6,1.0,0
2013-10-04,396,WITHDRAWAL,16500.0,16514.6,2.0,0
2013-10-05,396,WITHDRAWAL,5245.0,21745.0,2.0,0
2013-10-06,396,WITHDRAWAL,308.0,22053.0,3.0,0
2013-10-11,396,WITHDRAWAL,261.0,261.0,1.0,0
2013-10-13,396,WITHDRAWAL,68.0,329.0,2.0,0
2013-10-31,396,WITHDRAWAL,14.6,14.6,1.0,0
2013-11-03,396,WITHDRAWAL,16600.0,16614.6,2.0,0
2013-11-05,396,WITHDRAWAL,5245.0,21845.0,2.0,0
2013-11-06,396,WITHDRAWAL,308.0,22153.0,3.0,0
2013-11-11,396,WITHDRAWAL,261.0,261.0,1.0,0
2013-11-13,396,WITHDRAWAL,68.0,329.0,2.0,0
2013-11-30,396,WITHDRAWAL,14.6,14.6,1.0,0
2013-12-03,396,WITHDRAWAL,14600.0,14614.6,2.0,0
2013-12-05,396,WITHDRAWAL,5245.0,19845.0,2.0,0
2013-12-06,396,WITHDRAWAL,308.0,20153.0,3.0,0
2013-12-06,396,WITHDRAWAL,3360.0,23513.0,4.0,0
2013-12-11,396,WITHDRAWAL,261.0,261.0,1.0,0
2013-12-13,396,WITHDRAWAL,68.0,329.0,2.0,0
2013-12-31,396,WITHDRAWAL,14.6,14.6,1.0,0
2014-01-02,396,WITHDRAWAL,2160.0,2174.6,2.0,0
2014-01-02,396,WITHDRAWAL,20600.0,22774.6,3.0,0
2014-01-05,396,WITHDRAWAL,5245.0,28005.0,3.0,0
2014-01-05,396,WITHDRAWAL,720.0,28725.0,4.0,0
2014-01-06,396,WITHDRAWAL,308.0,29033.0,5.0,0
2014-01-10,396,WITHDRAWAL,1080.0,1388.0,2.0,0
2014-01-10,396,WITHDRAWAL,1200.0,2588.0,3.0,0
2014-01-11,396,WITHDRAWAL,261.0,2541.0,3.0,0
2014-01-13,396,WITHDRAWAL,68.0,2609.0,4.0,0
2014-01-13,396,WITHDRAWAL,1200.0,3809.0,5.0,0
2014-01-17,396,WITHDRAWAL,3120.0,4388.0,3.0,0
2014-01-31,396,WITHDRAWAL,14.6,14.6,1.0,0
2014-02-01,396,WITHDRAWAL,16000.0,16014.6,2.0,0
2014-02-05,396,WITHDRAWAL,5245.0,21245.0,2.0,0
2014-02-06,396,WITHDRAWAL,308.0,5553.0,2.0,0
2014-02-11,396,WITHDRAWAL,261.0,261.0,1.0,0
2014-02-13,396,WITHDRAWAL,68.0,329.0,2.0,0
2014-02-28,396,WITHDRAWAL,14.6,14.6,1.0,0
2014-03-03,396,WITHDRAWAL,17400.0,17414.6,2.0,0
2014-03-05,396,WITHDRAWAL,5245.0,22645.0,2.0,0
2014-03-06,396,WITHDRAWAL,308.0,22953.0,3.0,0
2014-03-11,396,WITHDRAWAL,261.0,261.0,1.0,0
2014-03-13,396,WITHDRAWAL,68.0,329.0,2.0,0
2014-03-31,396,WITHDRAWAL,14.6,14.6,1.0,0
2014-04-02,396,WITHDRAWAL,18200.0,18214.6,2.0,0
2014-04-05,396,WITHDRAWAL,5245.0,23445.0,2.0,0
2014-04-06,396,WITHDRAWAL,308.0,23753.0,3.0,0
2014-04-11,396,WITHDRAWAL,261.0,261.0,1.0,0
2014-04-13,396,WITHDRAWAL,68.0,329.0,2.0,0
2014-04-20,396,WITHDRAWAL,2400.0,2400.0,1.0,0
2014-04-30,396,WITHDRAWAL,14.6,14.6,1.0,0
2014-05-02,396,WITHDRAWAL,17600.0,17614.6,2.0,0
2014-05-05,396,WITHDRAWAL,5245.0,22845.0,2.0,0
2014-05-05,396,WITHDRAWAL,4080.0,26925.0,3.0,0
2014-05-06,396,WITHDRAWAL,308.0,27233.0,4.0,0
2014-05-11,396,WITHDRAWAL,261.0,261.0,1.0,0
2014-05-13,396,WITHDRAWAL,68.0,329.0,2.0,0
2014-05-31,396,WITHDRAWAL,14.6,14.6,1.0,0
2014-06-01,396,WITHDRAWAL,12000.0,12014.6,2.0,0
2014-06-05,396,WITHDRAWAL,5245.0,17245.0,2.0,0
2014-06-06,396,WITHDRAWAL,308.0,5553.0,2.0,0
2014-06-11,396,WITHDRAWAL,261.0,261.0,1.0,0
2014-06-11,396,WITHDRAWAL,2520.0,2781.0,2.0,0
2014-06-13,396,WITHDRAWAL,68.0,2849.0,3.0,0
2014-06-30,396,WITHDRAWAL,14.6,14.6,1.0,0
2014-07-01,396,WITHDRAWAL,19000.0,19014.6,2.0,0
2014-07-05,396,WITHDRAWAL,5245.0,24245.0,2.0,0
2014-07-06,396,WITHDRAWAL,308.0,5553.0,2.0,0
2014-07-11,396,WITHDRAWAL,261.0,261.0,1.0,0
2014-07-13,396,WITHDRAWAL,68.0,329.0,2.0,0
2014-07-31,396,WITHDRAWAL,14.6,14.6,1.0,0
2014-07-31,396,WITHDRAWAL,19400.0,19414.6,2.0,0
2014-08-05,396,WITHDRAWAL,5245.0,5245.0,1.0,0
2014-08-06,396,WITHDRAWAL,308.0,5553.0,2.0,0
2014-08-11,396,WITHDRAWAL,261.0,261.0,1.0,0
2014-08-11,396,WITHDRAWAL,2520.0,2781.0,2.0,0
2014-08-13,396,WITHDRAWAL,68.0,2849.0,3.0,0
2014-08-30,396,WITHDRAWAL,20000.0,20000.0,1.0,0
2014-08-31,396,WITHDRAWAL,14.6,20014.6,2.0,0
2014-09-05,396,WITHDRAWAL,5245.0,5245.0,1.0,0
2014-09-06,396,WITHDRAWAL,308.0,5553.0,2.0,0
2014-09-11,396,WITHDRAWAL,261.0,261.0,1.0,0
2014-09-13,396,WITHDRAWAL,68.0,329.0,2.0,0
2014-09-29,396,WITHDRAWAL,18500.0,18500.0,1.0,0
2014-09-30,396,WITHDRAWAL,14.6,18514.6,2.0,0
2014-10-05,396,WITHDRAWAL,5245.0,5245.0,1.0,0
2014-10-06,396,WITHDRAWAL,308.0,5553.0,2.0,0
2014-10-11,396,WITHDRAWAL,261.0,261.0,1.0,0
2014-10-13,396,WITHDRAWAL,68.0,329.0,2.0,0
2014-10-29,396,WITHDRAWAL,16900.0,16900.0,1.0,0
2014-10-31,396,WITHDRAWAL,14.6,16914.6,2.0,0
2014-11-05,396,WITHDRAWAL,5245.0,5245.0,1.0,0
2014-11-06,396,WITHDRAWAL,308.0,5553.0,2.0,0
2014-11-11,396,WITHDRAWAL,261.0,261.0,1.0,0
2014-11-13,396,WITHDRAWAL,68.0,329.0,2.0,0
2014-11-28,396,WITHDRAWAL,16200.0,16200.0,1.0,0
2014-11-30,396,WITHDRAWAL,14.6,16214.6,2.0,0
2014-12-05,396,WITHDRAWAL,5245.0,5245.0,1.0,0
2014-12-06,396,WITHDRAWAL,308.0,5553.0,2.0,0
2014-12-11,396,WITHDRAWAL,261.0,261.0,1.0,0
2014-12-13,396,WITHDRAWAL,68.0,329.0,2.0,0
2014-12-13,396,WITHDRAWAL,4640.0,4969.0,3.0,0
2014-12-28,396,WITHDRAWAL,23800.0,23800.0,1.0,0
2014-12-31,396,WITHDRAWAL,14.6,23814.6,2.0,0
2015-01-05,396,WITHDRAWAL,5245.0,5245.0,1.0,0
2015-01-06,396,WITHDRAWAL,308.0,5553.0,2.0,0
2015-01-11,396,WITHDRAWAL,261.0,261.0,1.0,0
2015-01-13,396,WITHDRAWAL,68.0,329.0,2.0,0
2015-01-14,396,WITHDRAWAL,2640.0,2969.0,3.0,0
2015-01-15,396,WITHDRAWAL,2520.0,5489.0,4.0,0
2015-01-22,396,WITHDRAWAL,1440.0,1440.0,1.0,0
2015-01-25,396,WITHDRAWAL,720.0,2160.0,2.0,0
2015-01-27,396,WITHDRAWAL,2040.0,2760.0,2.0,0
2015-01-27,396,WITHDRAWAL,13800.0,16560.0,3.0,0
2015-01-30,396,WITHDRAWAL,3480.0,19320.0,3.0,0
2015-01-31,396,WITHDRAWAL,14.6,19334.6,4.0,0
2015-02-05,396,WITHDRAWAL,5245.0,5245.0,1.0,0
2015-02-06,396,WITHDRAWAL,308.0,5553.0,2.0,0
2015-02-11,396,WITHDRAWAL,261.0,261.0,1.0,0
2015-02-13,396,WITHDRAWAL,68.0,329.0,2.0,0
2015-02-26,396,WITHDRAWAL,13700.0,13700.0,1.0,0
2015-02-27,396,WITHDRAWAL,3840.0,17540.0,2.0,0
2015-02-28,396,WITHDRAWAL,14.6,17554.6,3.0,0
2015-03-05,396,WITHDRAWAL,5245.0,5245.0,1.0,0
2015-03-06,396,WITHDRAWAL,308.0,5553.0,2.0,0
2015-03-11,396,WITHDRAWAL,261.0,261.0,1.0,0
2015-03-13,396,WITHDRAWAL,68.0,329.0,2.0,0
2015-03-20,396,WITHDRAWAL,3600.0,3600.0,1.0,0
2015-03-28,396,WITHDRAWAL,13400.0,13400.0,1.0,0
2015-03-31,396,WITHDRAWAL,14.6,13414.6,2.0,0
2015-04-05,396,WITHDRAWAL,5245.0,5245.0,1.0,0
2015-04-06,396,WITHDRAWAL,308.0,5553.0,2.0,0
2015-04-11,396,WITHDRAWAL,261.0,261.0,1.0,0
2015-04-13,396,WITHDRAWAL,68.0,329.0,2.0,0
2015-04-27,396,WITHDRAWAL,12700.0,12700.0,1.0,0
2015-04-30,396,WITHDRAWAL,14.6,12714.6,2.0,0
2015-05-05,396,WITHDRAWAL,5245.0,5245.0,1.0,0
2015-05-06,396,WITHDRAWAL,308.0,5553.0,2.0,0
2015-05-11,396,WITHDRAWAL,261.0,261.0,1.0,0
2015-05-13,396,WITHDRAWAL,68.0,329.0,2.0,0
2015-05-27,396,WITHDRAWAL,19200.0,19200.0,1.0,0
2015-05-31,396,WITHDRAWAL,14.6,19214.6,2.0,0
2015-06-05,396,WITHDRAWAL,5245.0,5245.0,1.0,0
2015-06-06,396,WITHDRAWAL,308.0,5553.0,2.0,0
2015-06-11,396,WITHDRAWAL,261.0,261.0,1.0,0
2015-06-13,396,WITHDRAWAL,68.0,329.0,2.0,0
2015-06-26,396,WITHDRAWAL,21300.0,21300.0,1.0,0
2015-06-30,396,WITHDRAWAL,14.6,21314.6,2.0,0
2015-07-05,396,WITHDRAWAL,5245.0,5245.0,1.0,0
2015-07-06,396,WITHDRAWAL,308.0,5553.0,2.0,0
2015-07-10,396,WITHDRAWAL,5520.0,5828.0,2.0,0
2015-07-11,396,WITHDRAWAL,261.0,5781.0,2.0,0
2015-07-13,396,WITHDRAWAL,68.0,5849.0,3.0,0
2015-07-26,396,WITHDRAWAL,18700.0,18700.0,1.0,0
2015-07-31,396,WITHDRAWAL,14.6,14.6,1.0,0
2015-08-05,396,WITHDRAWAL,5245.0,5245.0,1.0,0
2015-08-06,396,WITHDRAWAL,308.0,5553.0,2.0,0
2015-08-11,396,WITHDRAWAL,261.0,261.0,1.0,0
2015-08-13,396,WITHDRAWAL,68.0,329.0,2.0,0
2015-08-24,396,WITHDRAWAL,2160.0,2160.0,1.0,0
2015-08-25,396,WITHDRAWAL,16100.0,18260.0,2.0,0
2015-08-31,396,WITHDRAWAL,14.6,14.6,1.0,0
2015-09-05,396,WITHDRAWAL,5245.0,5245.0,1.0,0
2015-09-06,396,WITHDRAWAL,308.0,5553.0,2.0,0
2015-09-11,396,WITHDRAWAL,261.0,261.0,1.0,0
2015-09-13,396,WITHDRAWAL,68.0,329.0,2.0,0
2015-09-24,396,WITHDRAWAL,14600.0,14600.0,1.0,0
2015-09-28,396,WITHDRAWAL,5280.0,19880.0,2.0,0
2015-09-30,396,WITHDRAWAL,14.6,5294.6,2.0,0
2015-10-05,396,WITHDRAWAL,5245.0,5245.0,1.0,0
2015-10-06,396,WITHDRAWAL,308.0,5553.0,2.0,0
2015-10-11,396,WITHDRAWAL,261.0,261.0,1.0,0
2015-10-13,396,WITHDRAWAL,68.0,329.0,2.0,0
2015-10-24,396,WITHDRAWAL,16600.0,16600.0,1.0,0
2015-10-31,396,WITHDRAWAL,14.6,14.6,1.0,0
2015-11-05,396,WITHDRAWAL,5245.0,5245.0,1.0,0
2015-11-06,396,WITHDRAWAL,308.0,5553.0,2.0,0
2015-11-11,396,WITHDRAWAL,261.0,261.0,1.0,0
2015-11-13,396,WITHDRAWAL,68.0,329.0,2.0,0
2015-11-14,396,WITHDRAWAL,1920.0,2249.0,3.0,0
2015-11-23,396,WITHDRAWAL,13500.0,13500.0,1.0,0
2015-11-30,396,WITHDRAWAL,14.6,14.6,1.0,0
2015-12-05,396,WITHDRAWAL,5245.0,5245.0,1.0,0
2015-12-05,396,WITHDRAWAL,2720.0,7965.0,2.0,0
2015-12-06,396,WITHDRAWAL,308.0,8273.0,3.0,0
2015-12-11,396,WITHDRAWAL,261.0,261.0,1.0,0
2015-12-13,396,WITHDRAWAL,68.0,329.0,2.0,0
2015-12-23,396,WITHDRAWAL,20600.0,20600.0,1.0,0
2015-12-31,396,WITHDRAWAL,14.6,14.6,1.0,0
2016-01-01,396,WITHDRAWAL,1080.0,1094.6,2.0,0
2016-01-05,396,WITHDRAWAL,5245.0,6325.0,2.0,0
2016-01-06,396,WITHDRAWAL,308.0,5553.0,2.0,0
2016-01-08,396,WITHDRAWAL,1560.0,7113.0,3.0,0
2016-01-10,396,WITHDRAWAL,1560.0,3428.0,3.0,0
2016-01-10,396,WITHDRAWAL,1560.0,4988.0,4.0,0
2016-01-11,396,WITHDRAWAL,261.0,4941.0,4.0,0
2016-01-13,396,WITHDRAWAL,68.0,3449.0,4.0,0
2016-01-22,396,WITHDRAWAL,14900.0,14900.0,1.0,0
2016-01-23,396,WITHDRAWAL,840.0,15740.0,2.0,0
2016-01-28,396,WITHDRAWAL,1920.0,1920.0,1.0,0
2016-01-29,396,WITHDRAWAL,3120.0,5040.0,2.0,0
2016-01-31,396,WITHDRAWAL,14.6,5054.6,3.0,0
2016-02-05,396,WITHDRAWAL,5245.0,5245.0,1.0,0
2016-02-06,396,WITHDRAWAL,308.0,5553.0,2.0,0
2016-02-07,396,WITHDRAWAL,2880.0,8433.0,3.0,0
2016-02-11,396,WITHDRAWAL,261.0,3141.0,2.0,0
2016-02-13,396,WITHDRAWAL,68.0,329.0,2.0,0
2016-02-21,396,WITHDRAWAL,14900.0,14900.0,1.0,0
2016-02-29,396,WITHDRAWAL,14.6,14.6,1.0,0
2016-03-05,396,WITHDRAWAL,5245.0,5245.0,1.0,0
2016-03-06,396,WITHDRAWAL,308.0,5553.0,2.0,0
2016-03-11,396,WITHDRAWAL,261.0,261.0,1.0,0
2016-03-13,396,WITHDRAWAL,68.0,329.0,2.0,0
2016-03-14,396,WITHDRAWAL,5640.0,5969.0,3.0,0
2016-03-22,396,WITHDRAWAL,12000.0,12000.0,1.0,0
2016-03-31,396,WITHDRAWAL,14.6,14.6,1.0,0
2016-04-05,396,WITHDRAWAL,5245.0,5245.0,1.0,0
2016-04-06,396,WITHDRAWAL,308.0,5553.0,2.0,0
2016-04-11,396,WITHDRAWAL,261.0,261.0,1.0,0
2016-04-13,396,WITHDRAWAL,68.0,329.0,2.0,0
2016-04-21,396,WITHDRAWAL,13500.0,13500.0,1.0,0
2016-04-30,396,WITHDRAWAL,14.6,14.6,1.0,0
2016-05-05,396,WITHDRAWAL,5245.0,5245.0,1.0,0
2016-05-06,396,WITHDRAWAL,308.0,5553.0,2.0,0
2016-05-11,396,WITHDRAWAL,261.0,261.0,1.0,0
2016-05-13,396,WITHDRAWAL,68.0,329.0,2.0,0
2016-05-21,396,WITHDRAWAL,16800.0,16800.0,1.0,0
2016-05-31,396,WITHDRAWAL,14.6,14.6,1.0,0
2016-06-05,396,WITHDRAWAL,5245.0,5245.0,1.0,0
2016-06-06,396,WITHDRAWAL,308.0,5553.0,2.0,0
2016-06-11,396,WITHDRAWAL,261.0,261.0,1.0,0
2016-06-13,396,WITHDRAWAL,68.0,329.0,2.0,0
2016-06-20,396,WITHDRAWAL,22700.0,22700.0,1.0,0
2016-06-30,396,WITHDRAWAL,14.6,14.6,1.0,0
2016-07-05,396,WITHDRAWAL,5245.0,5245.0,1.0,0
2016-07-06,396,WITHDRAWAL,308.0,5553.0,2.0,0
2016-07-11,396,WITHDRAWAL,261.0,261.0,1.0,0
2016-07-13,396,WITHDRAWAL,68.0,329.0,2.0,0
2016-07-20,396,WITHDRAWAL,5760.0,5760.0,1.0,0
2016-07-20,396,WITHDRAWAL,16500.0,22260.0,2.0,0
2016-07-31,396,WITHDRAWAL,14.6,14.6,1.0,0
2016-08-05,396,WITHDRAWAL,5245.0,5245.0,1.0,0
2016-08-06,396,WITHDRAWAL,308.0,5553.0,2.0,0
2016-08-11,396,WITHDRAWAL,261.0,261.0,1.0,0
2016-08-13,396,WITHDRAWAL,68.0,329.0,2.0,0
2016-08-19,396,WITHDRAWAL,21600.0,21600.0,1.0,0
2016-08-31,396,WITHDRAWAL,14.6,14.6,1.0,0
2016-09-05,396,WITHDRAWAL,5245.0,5245.0,1.0,0
2016-09-06,396,WITHDRAWAL,308.0,5553.0,2.0,0
2016-09-11,396,WITHDRAWAL,261.0,261.0,1.0,0
2016-09-13,396,WITHDRAWAL,68.0,329.0,2.0,0
2016-09-18,396,WITHDRAWAL,14100.0,14100.0,1.0,0
2016-09-30,396,WITHDRAWAL,14.6,14.6,1.0,0
2016-10-03,396,WITHDRAWAL,5880.0,5894.6,2.0,0
2016-10-05,396,WITHDRAWAL,5245.0,11125.0,2.0,0
2016-10-06,396,WITHDRAWAL,308.0,11433.0,3.0,0
2016-10-11,396,WITHDRAWAL,261.0,261.0,1.0,0
2016-10-13,396,WITHDRAWAL,68.0,329.0,2.0,0
2016-10-18,396,WITHDRAWAL,15900.0,15900.0,1.0,0
2016-10-31,396,WITHDRAWAL,14.6,14.6,1.0,0
2016-11-01,396,WITHDRAWAL,840.0,854.6,2.0,0
2016-11-05,396,WITHDRAWAL,5245.0,6085.0,2.0,0
2016-11-06,396,WITHDRAWAL,308.0,5553.0,2.0,0
2016-11-11,396,WITHDRAWAL,261.0,261.0,1.0,0
2016-11-13,396,WITHDRAWAL,68.0,329.0,2.0,0
2016-11-17,396,WITHDRAWAL,11700.0,11768.0,2.0,0
2016-11-30,396,WITHDRAWAL,14.6,14.6,1.0,0
2016-12-05,396,WITHDRAWAL,5245.0,5245.0,1.0,0
2016-12-06,396,WITHDRAWAL,308.0,5553.0,2.0,0
2016-12-11,396,WITHDRAWAL,261.0,261.0,1.0,0
2016-12-13,396,WITHDRAWAL,68.0,329.0,2.0,0
2016-12-17,396,WITHDRAWAL,21600.0,21668.0,2.0,0
2016-12-28,396,WITHDRAWAL,4640.0,4640.0,1.0,0
2016-12-31,396,WITHDRAWAL,14.6,4654.6,2.0,0
2017-01-01,396,WITHDRAWAL,2040.0,6694.6,3.0,0
2017-01-03,396,WITHDRAWAL,5880.0,7934.6,3.0,0
2017-01-04,396,WITHDRAWAL,3120.0,11054.6,4.0,0
2017-01-05,396,WITHDRAWAL,5245.0,16285.0,4.0,0
2017-01-06,396,WITHDRAWAL,308.0,14553.0,4.0,0
2017-01-06,396,WITHDRAWAL,2280.0,16833.0,5.0,0
2017-01-11,396,WITHDRAWAL,261.0,261.0,1.0,0
2017-01-11,396,WITHDRAWAL,960.0,1221.0,2.0,0
2017-01-13,396,WITHDRAWAL,68.0,1289.0,3.0,0
2017-01-16,396,WITHDRAWAL,13900.0,13968.0,2.0,0
2017-01-24,396,WITHDRAWAL,1920.0,1920.0,1.0,0
2017-01-25,396,WITHDRAWAL,2400.0,4320.0,2.0,0
2017-01-31,396,WITHDRAWAL,14.6,14.6,1.0,0
2017-02-05,396,WITHDRAWAL,5245.0,5245.0,1.0,0
2017-02-06,396,WITHDRAWAL,308.0,5553.0,2.0,0
2017-02-11,396,WITHDRAWAL,261.0,261.0,1.0,0
2017-02-13,396,WITHDRAWAL,68.0,329.0,2.0,0
2017-02-15,396,WITHDRAWAL,13400.0,13729.0,3.0,0
2017-02-28,396,WITHDRAWAL,14.6,14.6,1.0,0
2017-03-05,396,WITHDRAWAL,5245.0,5245.0,1.0,0
2017-03-06,396,WITHDRAWAL,308.0,5553.0,2.0,0
2017-03-11,396,WITHDRAWAL,261.0,261.0,1.0,0
2017-03-13,396,WITHDRAWAL,68.0,329.0,2.0,0
2017-03-17,396,WITHDRAWAL,15100.0,15168.0,2.0,0
2017-03-31,396,WITHDRAWAL,14.6,14.6,1.0,0
2017-04-05,396,WITHDRAWAL,5245.0,5245.0,1.0,0
2017-04-06,396,WITHDRAWAL,308.0,5553.0,2.0,0
2017-04-11,396,WITHDRAWAL,261.0,261.0,1.0,0
2017-04-13,396,WITHDRAWAL,68.0,329.0,2.0,0
2017-04-16,396,WITHDRAWAL,16900.0,16968.0,2.0,0
2017-04-25,396,WITHDRAWAL,2880.0,2880.0,1.0,0
2017-04-30,396,WITHDRAWAL,14.6,14.6,1.0,0
2017-05-05,396,WITHDRAWAL,5245.0,5245.0,1.0,0
2017-05-06,396,WITHDRAWAL,308.0,5553.0,2.0,0
2017-05-11,396,WITHDRAWAL,261.0,261.0,1.0,0
2017-05-13,396,WITHDRAWAL,68.0,329.0,2.0,0
2017-05-16,396,WITHDRAWAL,16500.0,16568.0,2.0,0
2017-05-31,396,WITHDRAWAL,14.6,14.6,1.0,0
2017-06-05,396,WITHDRAWAL,5245.0,5245.0,1.0,0
2017-06-06,396,WITHDRAWAL,308.0,5553.0,2.0,0
2017-06-11,396,WITHDRAWAL,261.0,261.0,1.0,0
2017-06-13,396,WITHDRAWAL,68.0,329.0,2.0,0
2017-06-15,396,WITHDRAWAL,24800.0,25129.0,3.0,0
2017-06-30,396,WITHDRAWAL,14.6,14.6,1.0,0
2017-07-05,396,WITHDRAWAL,5245.0,5245.0,1.0,0
2017-07-06,396,WITHDRAWAL,308.0,5553.0,2.0,0
2017-07-11,396,WITHDRAWAL,261.0,261.0,1.0,0
2017-07-13,396,WITHDRAWAL,68.0,329.0,2.0,0
2017-07-15,396,WITHDRAWAL,20700.0,21029.0,3.0,0
2017-07-31,396,WITHDRAWAL,14.6,14.6,1.0,0
2017-08-05,396,WITHDRAWAL,5245.0,5245.0,1.0,0
2017-08-06,396,WITHDRAWAL,308.0,5553.0,2.0,0
2017-08-08,396,WITHDRAWAL,4560.0,10113.0,3.0,0
2017-08-11,396,WITHDRAWAL,261.0,4821.0,2.0,0
2017-08-13,396,WITHDRAWAL,68.0,329.0,2.0,0
2017-08-14,396,WITHDRAWAL,17900.0,18229.0,3.0,0
2017-08-24,396,WITHDRAWAL,960.0,960.0,1.0,0
2017-08-31,396,WITHDRAWAL,14.6,14.6,1.0,0
2017-09-05,396,WITHDRAWAL,5245.0,5245.0,1.0,0
2017-09-06,396,WITHDRAWAL,308.0,5553.0,2.0,0
2017-09-11,396,WITHDRAWAL,261.0,261.0,1.0,0
2017-09-13,396,WITHDRAWAL,68.0,329.0,2.0,0
2017-09-13,396,WITHDRAWAL,18200.0,18529.0,3.0,0
2017-09-30,396,WITHDRAWAL,14.6,14.6,1.0,0
2017-10-05,396,WITHDRAWAL,5245.0,5245.0,1.0,0
2017-10-06,396,WITHDRAWAL,308.0,5553.0,2.0,0
2017-10-07,396,WITHDRAWAL,5040.0,10593.0,3.0,0
2017-10-08,396,WITHDRAWAL,3000.0,13593.0,4.0,0
2017-10-11,396,WITHDRAWAL,261.0,8301.0,3.0,0
2017-10-13,396,WITHDRAWAL,68.0,329.0,2.0,0
2017-10-13,396,WITHDRAWAL,2640.0,2969.0,3.0,0
2017-10-13,396,WITHDRAWAL,11300.0,14269.0,4.0,0
2017-10-31,396,WITHDRAWAL,14.6,14.6,1.0,0
2017-11-05,396,WITHDRAWAL,5245.0,5245.0,1.0,0
2017-11-06,396,WITHDRAWAL,308.0,5553.0,2.0,0
2017-11-11,396,WITHDRAWAL,261.0,261.0,1.0,0
2017-11-12,396,WITHDRAWAL,10300.0,10561.0,2.0,0
2017-11-13,396,WITHDRAWAL,68.0,10629.0,3.0,0
2017-11-30,396,WITHDRAWAL,14.6,14.6,1.0,0
2017-12-05,396,WITHDRAWAL,5245.0,5245.0,1.0,0
2017-12-06,396,WITHDRAWAL,308.0,5553.0,2.0,0
2017-12-11,396,WITHDRAWAL,261.0,261.0,1.0,0
2017-12-12,396,WITHDRAWAL,22300.0,22561.0,2.0,0
2017-12-13,396,WITHDRAWAL,68.0,22629.0,3.0,0
2017-12-25,396,WITHDRAWAL,3520.0,3520.0,1.0,0
2017-12-31,396,WITHDRAWAL,14.6,14.6,1.0,0
2018-01-01,396,WITHDRAWAL,2520.0,2534.6,2.0,0
2018-01-02,396,WITHDRAWAL,2280.0,4814.6,3.0,0
2018-01-02,396,WITHDRAWAL,720.0,5534.6,4.0,0
2018-01-03,396,WITHDRAWAL,1920.0,7454.6,5.0,0
2018-01-05,396,WITHDRAWAL,5245.0,12685.0,5.0,0
2018-01-06,396,WITHDRAWAL,308.0,10473.0,5.0,0
2018-01-11,396,WITHDRAWAL,261.0,261.0,1.0,0
2018-01-11,396,WITHDRAWAL,13400.0,13661.0,2.0,0
2018-01-13,396,WITHDRAWAL,68.0,13729.0,3.0,0
2018-01-24,396,WITHDRAWAL,1080.0,1080.0,1.0,0
2018-01-30,396,WITHDRAWAL,1800.0,1800.0,1.0,0
2018-01-31,396,WITHDRAWAL,14.6,1814.6,2.0,0
2018-02-05,396,WITHDRAWAL,5245.0,5245.0,1.0,0
2018-02-06,396,WITHDRAWAL,308.0,5553.0,2.0,0
2018-02-10,396,WITHDRAWAL,16700.0,17008.0,2.0,0
2018-02-11,396,WITHDRAWAL,261.0,16961.0,2.0,0
2018-02-13,396,WITHDRAWAL,68.0,17029.0,3.0,0
2018-02-28,396,WITHDRAWAL,14.6,14.6,1.0,0
2018-03-05,396,WITHDRAWAL,5245.0,5245.0,1.0,0
2018-03-06,396,WITHDRAWAL,308.0,5553.0,2.0,0
2018-03-11,396,WITHDRAWAL,261.0,261.0,1.0,0
2018-03-12,396,WITHDRAWAL,16200.0,16461.0,2.0,0
2018-03-13,396,WITHDRAWAL,68.0,16529.0,3.0,0
2018-03-17,396,WITHDRAWAL,2520.0,2588.0,2.0,0
2018-03-31,396,WITHDRAWAL,14.6,14.6,1.0,0
2018-04-05,396,WITHDRAWAL,5245.0,5245.0,1.0,0
2018-04-06,396,WITHDRAWAL,308.0,5553.0,2.0,0
2018-04-11,396,WITHDRAWAL,261.0,261.0,1.0,0
2018-04-11,396,WITHDRAWAL,13000.0,13261.0,2.0,0
2018-04-13,396,WITHDRAWAL,68.0,13329.0,3.0,0
2018-04-30,396,WITHDRAWAL,14.6,14.6,1.0,0
2018-05-05,396,WITHDRAWAL,5245.0,5245.0,1.0,0
2018-05-06,396,WITHDRAWAL,308.0,5553.0,2.0,0
2018-05-11,396,WITHDRAWAL,261.0,261.0,1.0,0
2018-05-11,396,WITHDRAWAL,16700.0,16961.0,2.0,0
2018-05-13,396,WITHDRAWAL,68.0,17029.0,3.0,0
2018-05-13,396,WITHDRAWAL,2160.0,19189.0,4.0,0
2018-05-31,396,WITHDRAWAL,14.6,14.6,1.0,0
2018-06-05,396,WITHDRAWAL,5245.0,5245.0,1.0,0
2018-06-06,396,WITHDRAWAL,308.0,5553.0,2.0,0
2018-06-10,396,WITHDRAWAL,23900.0,24208.0,2.0,0
2018-06-11,396,WITHDRAWAL,261.0,24161.0,2.0,0
2018-06-13,396,WITHDRAWAL,68.0,24229.0,3.0,0
2018-06-30,396,WITHDRAWAL,14.6,14.6,1.0,0
2018-07-05,396,WITHDRAWAL,5245.0,5245.0,1.0,0
2018-07-06,396,WITHDRAWAL,308.0,5553.0,2.0,0
2018-07-10,396,WITHDRAWAL,17700.0,18008.0,2.0,0
2018-07-11,396,WITHDRAWAL,261.0,17961.0,2.0,0
2018-07-13,396,WITHDRAWAL,68.0,18029.0,3.0,0
2018-07-31,396,WITHDRAWAL,14.6,14.6,1.0,0
2018-08-05,396,WITHDRAWAL,5245.0,5245.0,1.0,0
2018-08-06,396,WITHDRAWAL,308.0,5553.0,2.0,0
2018-08-09,396,WITHDRAWAL,10000.0,15553.0,3.0,0
2018-08-11,396,WITHDRAWAL,261.0,10261.0,2.0,0
2018-08-13,396,WITHDRAWAL,68.0,10329.0,3.0,0
2018-08-31,396,WITHDRAWAL,14.6,14.6,1.0,0
2018-09-05,396,WITHDRAWAL,5245.0,5245.0,1.0,0
2018-09-06,396,WITHDRAWAL,308.0,5553.0,2.0,0
2018-09-08,396,WITHDRAWAL,16900.0,22453.0,3.0,0
2018-09-11,396,WITHDRAWAL,261.0,17161.0,2.0,0
2018-09-13,396,WITHDRAWAL,68.0,329.0,2.0,0
2018-09-30,396,WITHDRAWAL,14.6,14.6,1.0,0
2018-10-05,396,WITHDRAWAL,5245.0,5245.0,1.0,0
2018-10-06,396,WITHDRAWAL,308.0,5553.0,2.0,0
2018-10-08,396,WITHDRAWAL,1440.0,6993.0,3.0,0
2018-10-08,396,WITHDRAWAL,17200.0,24193.0,4.0,0
2018-10-11,396,WITHDRAWAL,261.0,18901.0,3.0,0
2018-10-13,396,WITHDRAWAL,68.0,329.0,2.0,0
2018-10-31,396,WITHDRAWAL,14.6,14.6,1.0,0
2018-11-05,396,WITHDRAWAL,5245.0,5245.0,1.0,0
2018-11-06,396,WITHDRAWAL,308.0,5553.0,2.0,0
2018-11-06,396,WITHDRAWAL,3000.0,8553.0,3.0,0
2018-11-07,396,WITHDRAWAL,12800.0,21353.0,4.0,0
2018-11-11,396,WITHDRAWAL,261.0,13061.0,2.0,0
2018-11-13,396,WITHDRAWAL,68.0,329.0,2.0,0
2018-11-30,396,WITHDRAWAL,14.6,14.6,1.0,0
2018-12-05,396,WITHDRAWAL,5245.0,5245.0,1.0,0
2018-12-06,396,WITHDRAWAL,308.0,5553.0,2.0,0
2018-12-07,396,WITHDRAWAL,20500.0,26053.0,3.0,0
2018-12-08,396,WITHDRAWAL,2560.0,28613.0,4.0,0
2018-12-11,396,WITHDRAWAL,261.0,23321.0,3.0,0
2018-12-13,396,WITHDRAWAL,68.0,329.0,2.0,0
2013-02-03,485,WITHDRAWAL,25300.0,25300.0,1.0,0
2013-03-04,485,WITHDRAWAL,8100.0,8100.0,1.0,0
2013-03-05,485,WITHDRAWAL,25300.0,33400.0,2.0,0
2013-03-06,485,WITHDRAWAL,1591.0,34991.0,3.0,0
2013-03-07,485,WITHDRAWAL,3572.0,38563.0,4.0,0
2013-03-08,485,WITHDRAWAL,7421.0,45984.0,5.0,0
2013-03-31,485,WITHDRAWAL,100.0,100.0,1.0,0
2013-04-04,485,WITHDRAWAL,21100.0,21200.0,2.0,0
2013-04-06,485,WITHDRAWAL,1591.0,22691.0,2.0,0
2013-04-07,485,WITHDRAWAL,3572.0,26263.0,3.0,0
2013-04-08,485,WITHDRAWAL,7421.0,33684.0,4.0,0
2013-04-30,485,WITHDRAWAL,100.0,100.0,1.0,0
2013-05-06,485,WITHDRAWAL,1591.0,1591.0,1.0,0
2013-05-07,485,WITHDRAWAL,3572.0,5163.0,2.0,0
2013-05-08,485,WITHDRAWAL,7421.0,12584.0,3.0,0
2013-05-19,485,WITHDRAWAL,58900.0,58900.0,1.0,0
2013-05-22,485,WITHDRAWAL,1800.0,60700.0,2.0,0
2013-05-31,485,WITHDRAWAL,100.0,100.0,1.0,0
2013-06-03,485,WITHDRAWAL,10300.0,10400.0,2.0,0
2013-06-06,485,WITHDRAWAL,1591.0,11891.0,2.0,0
2013-06-07,485,WITHDRAWAL,3572.0,15463.0,3.0,0
2013-06-08,485,WITHDRAWAL,7421.0,12584.0,3.0,0
2013-06-22,485,WITHDRAWAL,14400.0,14400.0,1.0,0
2013-06-26,485,WITHDRAWAL,5100.0,19500.0,2.0,0
2013-06-30,485,WITHDRAWAL,100.0,5200.0,2.0,0
2013-07-03,485,WITHDRAWAL,17800.0,17900.0,2.0,0
2013-07-06,485,WITHDRAWAL,1591.0,19391.0,2.0,0
2013-07-07,485,WITHDRAWAL,3572.0,22963.0,3.0,0
2013-07-08,485,WITHDRAWAL,7421.0,12584.0,3.0,0
2013-07-28,485,WITHDRAWAL,8400.0,8400.0,1.0,0
2013-07-31,485,WITHDRAWAL,100.0,8500.0,2.0,0
2013-08-02,485,WITHDRAWAL,30000.0,30100.0,2.0,0
2013-08-06,485,WITHDRAWAL,1591.0,31591.0,2.0,0
2013-08-07,485,WITHDRAWAL,3572.0,5163.0,2.0,0
2013-08-08,485,WITHDRAWAL,7421.0,12584.0,3.0,0
2013-08-24,485,WITHDRAWAL,4500.0,4500.0,1.0,0
2013-08-31,485,WITHDRAWAL,100.0,100.0,1.0,0
2013-09-01,485,WITHDRAWAL,16900.0,17000.0,2.0,0
2013-09-06,485,WITHDRAWAL,1591.0,1591.0,1.0,0
2013-09-07,485,WITHDRAWAL,3572.0,5163.0,2.0,0
2013-09-08,485,WITHDRAWAL,7421.0,12584.0,3.0,0
2013-09-30,485,WITHDRAWAL,100.0,100.0,1.0,0
2013-09-30,485,WITHDRAWAL,35800.0,35900.0,2.0,0
2013-10-01,485,WITHDRAWAL,27800.0,63700.0,3.0,0
2013-10-06,485,WITHDRAWAL,1591.0,1591.0,1.0,0
2013-10-07,485,WITHDRAWAL,3572.0,5163.0,2.0,0
2013-10-08,485,WITHDRAWAL,7421.0,12584.0,3.0,0
2013-10-30,485,WITHDRAWAL,51400.0,51400.0,1.0,0
2013-10-31,485,WITHDRAWAL,100.0,51500.0,2.0,0
2013-10-31,485,WITHDRAWAL,16900.0,68400.0,3.0,0
2013-11-06,485,WITHDRAWAL,1591.0,1591.0,1.0,0
2013-11-07,485,WITHDRAWAL,3572.0,5163.0,2.0,0
2013-11-08,485,WITHDRAWAL,7421.0,12584.0,3.0,0
2013-11-30,485,WITHDRAWAL,100.0,100.0,1.0,0
2013-11-30,485,WITHDRAWAL,1600.0,1700.0,2.0,0
2013-12-06,485,WITHDRAWAL,1591.0,1591.0,1.0,0
2013-12-07,485,WITHDRAWAL,3572.0,5163.0,2.0,0
2013-12-08,485,WITHDRAWAL,7421.0,12584.0,3.0,0
2013-12-15,485,WITHDRAWAL,1500.0,1500.0,1.0,0
2013-12-30,485,WITHDRAWAL,35000.0,35000.0,1.0,0
2013-12-31,485,WITHDRAWAL,100.0,35100.0,2.0,0
2014-01-04,485,WITHDRAWAL,4200.0,4300.0,2.0,0
2014-01-06,485,WITHDRAWAL,1591.0,5791.0,2.0,0
2014-01-07,485,WITHDRAWAL,3572.0,9363.0,3.0,0
2014-01-08,485,WITHDRAWAL,7421.0,16784.0,4.0,0
2014-01-08,485,WITHDRAWAL,4800.0,21584.0,5.0,0
2014-01-18,485,WITHDRAWAL,4200.0,4200.0,1.0,0
2014-01-27,485,WITHDRAWAL,3900.0,3900.0,1.0,0
2014-01-31,485,WITHDRAWAL,100.0,4000.0,2.0,0
2014-02-06,485,WITHDRAWAL,1591.0,1591.0,1.0,0
2014-02-07,485,WITHDRAWAL,3572.0,5163.0,2.0,0
2014-02-08,485,WITHDRAWAL,7421.0,12584.0,3.0,0
2014-02-28,485,WITHDRAWAL,100.0,100.0,1.0,0
2014-03-06,485,WITHDRAWAL,1591.0,1591.0,1.0,0
2014-03-07,485,WITHDRAWAL,3572.0,5163.0,2.0,0
2014-03-08,485,WITHDRAWAL,7421.0,12584.0,3.0,0
2014-03-31,485,WITHDRAWAL,100.0,100.0,1.0,0
2014-04-06,485,WITHDRAWAL,1591.0,1591.0,1.0,0
2014-04-07,485,WITHDRAWAL,3572.0,5163.0,2.0,0
2014-04-08,485,WITHDRAWAL,7421.0,12584.0,3.0,0
2014-04-30,485,WITHDRAWAL,100.0,100.0,1.0,0
2014-05-06,485,WITHDRAWAL,1591.0,1591.0,1.0,0
2014-05-07,485,WITHDRAWAL,3572.0,5163.0,2.0,0
2014-05-08,485,WITHDRAWAL,7421.0,12584.0,3.0,0
2014-05-31,485,WITHDRAWAL,100.0,100.0,1.0,0
2014-06-06,485,WITHDRAWAL,1591.0,1591.0,1.0,0
2014-06-07,485,WITHDRAWAL,3572.0,5163.0,2.0,0
2014-06-08,485,WITHDRAWAL,7421.0,12584.0,3.0,0
2014-06-30,485,WITHDRAWAL,100.0,100.0,1.0,0
2014-07-06,485,WITHDRAWAL,1591.0,1591.0,1.0,0
2014-07-07,485,WITHDRAWAL,3572.0,5163.0,2.0,0
2014-07-08,485,WITHDRAWAL,7421.0,12584.0,3.0,0
2014-07-31,485,WITHDRAWAL,100.0,100.0,1.0,0
2014-08-06,485,WITHDRAWAL,1591.0,1591.0,1.0,0
2014-08-07,485,WITHDRAWAL,3572.0,5163.0,2.0,0
2014-08-08,485,WITHDRAWAL,7421.0,12584.0,3.0,0
2014-08-27,485,WITHDRAWAL,700.0,700.0,1.0,0
2014-08-31,485,WITHDRAWAL,100.0,800.0,2.0,0
2014-09-06,485,WITHDRAWAL,1591.0,1591.0,1.0,0
2014-09-07,485,WITHDRAWAL,3572.0,5163.0,2.0,0
2014-09-08,485,WITHDRAWAL,7421.0,12584.0,3.0,0
2014-09-26,485,WITHDRAWAL,8000.0,8000.0,1.0,0
2014-09-30,485,WITHDRAWAL,100.0,8100.0,2.0,0
2014-10-06,485,WITHDRAWAL,1591.0,1591.0,1.0,0
2014-10-07,485,WITHDRAWAL,3572.0,5163.0,2.0,0
2014-10-08,485,WITHDRAWAL,7421.0,12584.0,3.0,0
2014-10-31,485,WITHDRAWAL,100.0,100.0,1.0,0
2014-11-06,485,WITHDRAWAL,1591.0,1591.0,1.0,0
2014-11-07,485,WITHDRAWAL,3572.0,5163.0,2.0,0
2014-11-08,485,WITHDRAWAL,7421.0,12584.0,3.0,0
2014-11-25,485,WITHDRAWAL,11100.0,11100.0,1.0,0
2014-11-30,485,WITHDRAWAL,100.0,100.0,1.0,0
2014-12-06,485,WITHDRAWAL,1591.0,1591.0,1.0,0
2014-12-07,485,WITHDRAWAL,3572.0,5163.0,2.0,0
2014-12-08,485,WITHDRAWAL,7421.0,12584.0,3.0,0
2014-12-31,485,WITHDRAWAL,100.0,100.0,1.0,0
2015-01-06,485,WITHDRAWAL,1591.0,1591.0,1.0,0
2015-01-06,485,WITHDRAWAL,1500.0,3091.0,2.0,0
2015-01-07,485,WITHDRAWAL,3572.0,6663.0,3.0,0
2015-01-08,485,WITHDRAWAL,7421.0,14084.0,4.0,0
2015-01-31,485,WITHDRAWAL,100.0,100.0,1.0,0
2015-02-06,485,WITHDRAWAL,1591.0,1591.0,1.0,0
2015-02-07,485,WITHDRAWAL,3572.0,5163.0,2.0,0
2015-02-08,485,WITHDRAWAL,7421.0,12584.0,3.0,0
2015-02-28,485,WITHDRAWAL,100.0,100.0,1.0,0
2015-03-06,485,WITHDRAWAL,1591.0,1591.0,1.0,0
2015-03-07,485,WITHDRAWAL,3572.0,5163.0,2.0,0
2015-03-08,485,WITHDRAWAL,7421.0,12584.0,3.0,0
2015-03-31,485,WITHDRAWAL,100.0,100.0,1.0,0
2015-04-06,485,WITHDRAWAL,1591.0,1591.0,1.0,0
2015-04-07,485,WITHDRAWAL,3572.0,5163.0,2.0,0
2015-04-08,485,WITHDRAWAL,7421.0,12584.0,3.0,0
2015-04-30,485,WITHDRAWAL,100.0,100.0,1.0,0
2015-05-06,485,WITHDRAWAL,1591.0,1591.0,1.0,0
2015-05-07,485,WITHDRAWAL,3572.0,5163.0,2.0,0
2015-05-08,485,WITHDRAWAL,7421.0,12584.0,3.0,0
2015-05-31,485,WITHDRAWAL,100.0,100.0,1.0,0
2015-06-06,485,WITHDRAWAL,1591.0,1591.0,1.0,0
2015-06-07,485,WITHDRAWAL,3572.0,5163.0,2.0,0
2015-06-08,485,WITHDRAWAL,7421.0,12584.0,3.0,0
2015-06-30,485,WITHDRAWAL,100.0,100.0,1.0,0
2015-07-06,485,WITHDRAWAL,1591.0,1591.0,1.0,0
2015-07-07,485,WITHDRAWAL,3572.0,5163.0,2.0,0
2015-07-08,485,WITHDRAWAL,7421.0,12584.0,3.0,0
2015-07-31,485,WITHDRAWAL,100.0,100.0,1.0,0
2015-08-06,485,WITHDRAWAL,1591.0,1591.0,1.0,0
2015-08-07,485,WITHDRAWAL,3572.0,5163.0,2.0,0
2015-08-08,485,WITHDRAWAL,7421.0,12584.0,3.0,0
2015-08-31,485,WITHDRAWAL,100.0,100.0,1.0,0
2015-09-06,485,WITHDRAWAL,1591.0,1591.0,1.0,0
2015-09-07,485,WITHDRAWAL,3572.0,5163.0,2.0,0
2015-09-08,485,WITHDRAWAL,7421.0,12584.0,3.0,0
2015-09-30,485,WITHDRAWAL,100.0,100.0,1.0,0
2015-10-06,485,WITHDRAWAL,1591.0,1591.0,1.0,0
2015-10-07,485,WITHDRAWAL,3572.0,5163.0,2.0,0
2015-10-08,485,WITHDRAWAL,7421.0,12584.0,3.0,0
2015-10-31,485,WITHDRAWAL,100.0,100.0,1.0,0
2015-11-06,485,WITHDRAWAL,1591.0,1591.0,1.0,0
2015-11-07,485,WITHDRAWAL,3572.0,5163.0,2.0,0
2015-11-08,485,WITHDRAWAL,7421.0,12584.0,3.0,0
2015-11-30,485,WITHDRAWAL,100.0,100.0,1.0,0
2015-12-06,485,WITHDRAWAL,1591.0,1591.0,1.0,0
2015-12-07,485,WITHDRAWAL,3572.0,5163.0,2.0,0
2015-12-08,485,WITHDRAWAL,7421.0,12584.0,3.0,0
2015-12-31,485,WITHDRAWAL,100.0,100.0,1.0,0
2016-01-03,485,WITHDRAWAL,8700.0,8800.0,2.0,0
2016-01-06,485,WITHDRAWAL,1591.0,10291.0,2.0,0
2016-01-07,485,WITHDRAWAL,3572.0,13863.0,3.0,0
2016-01-08,485,WITHDRAWAL,7421.0,12584.0,3.0,0
2016-01-09,485,WITHDRAWAL,5400.0,17984.0,4.0,0
2016-01-11,485,WITHDRAWAL,3000.0,19393.0,4.0,0
2016-01-16,485,WITHDRAWAL,4500.0,4500.0,1.0,0
2016-01-19,485,WITHDRAWAL,6300.0,10800.0,2.0,0
2016-01-19,485,WITHDRAWAL,10700.0,21500.0,3.0,0
2016-01-29,485,WITHDRAWAL,6900.0,6900.0,1.0,0
2016-01-31,485,WITHDRAWAL,100.0,7000.0,2.0,0
2016-02-06,485,WITHDRAWAL,1591.0,1591.0,1.0,0
2016-02-07,485,WITHDRAWAL,3572.0,5163.0,2.0,0
2016-02-08,485,WITHDRAWAL,7421.0,12584.0,3.0,0
2016-02-26,485,WITHDRAWAL,25400.0,25400.0,1.0,0
2016-02-29,485,WITHDRAWAL,100.0,25500.0,2.0,0
2016-02-29,485,WITHDRAWAL,24200.0,49700.0,3.0,0
2016-03-06,485,WITHDRAWAL,1591.0,1591.0,1.0,0
2016-03-07,485,WITHDRAWAL,3572.0,5163.0,2.0,0
2016-03-08,485,WITHDRAWAL,7421.0,12584.0,3.0,0
2016-03-17,485,WITHDRAWAL,5700.0,5700.0,1.0,0
2016-03-19,485,WITHDRAWAL,16700.0,22400.0,2.0,0
2016-03-31,485,WITHDRAWAL,100.0,100.0,1.0,0
2016-04-06,485,WITHDRAWAL,1591.0,1591.0,1.0,0
2016-04-07,485,WITHDRAWAL,3572.0,5163.0,2.0,0
2016-04-08,485,WITHDRAWAL,7421.0,12584.0,3.0,0
2016-04-18,485,WITHDRAWAL,34500.0,34500.0,1.0,0
2016-04-30,485,WITHDRAWAL,100.0,100.0,1.0,0
2016-05-06,485,WITHDRAWAL,1591.0,1591.0,1.0,0
2016-05-07,485,WITHDRAWAL,3572.0,5163.0,2.0,0
2016-05-08,485,WITHDRAWAL,7421.0,12584.0,3.0,0
2016-05-11,485,WITHDRAWAL,14400.0,25393.0,3.0,0
2016-05-15,485,WITHDRAWAL,27800.0,42200.0,2.0,0
2016-05-18,485,WITHDRAWAL,7800.0,35600.0,2.0,0
2016-05-18,485,WITHDRAWAL,23100.0,58700.0,3.0,0
2016-05-21,485,WITHDRAWAL,10500.0,41400.0,3.0,0
2016-05-31,485,WITHDRAWAL,100.0,100.0,1.0,0
2016-06-06,485,WITHDRAWAL,1591.0,1591.0,1.0,0
2016-06-07,485,WITHDRAWAL,3572.0,5163.0,2.0,0
2016-06-08,485,WITHDRAWAL,7421.0,12584.0,3.0,0
2016-06-17,485,WITHDRAWAL,24000.0,24000.0,1.0,0
2016-06-17,485,WITHDRAWAL,14700.0,38700.0,2.0,0
2016-06-30,485,WITHDRAWAL,3600.0,3600.0,1.0,0
2016-06-30,485,WITHDRAWAL,100.0,3700.0,2.0,0
2016-07-06,485,WITHDRAWAL,1591.0,1591.0,1.0,0
2016-07-07,485,WITHDRAWAL,3572.0,5163.0,2.0,0
2016-07-08,485,WITHDRAWAL,7421.0,12584.0,3.0,0
2016-07-17,485,WITHDRAWAL,1700.0,1700.0,1.0,0
2016-07-24,485,WITHDRAWAL,7500.0,7500.0,1.0,0
2016-07-31,485,WITHDRAWAL,100.0,100.0,1.0,0
2016-08-06,485,WITHDRAWAL,1591.0,1591.0,1.0,0
2016-08-07,485,WITHDRAWAL,3572.0,5163.0,2.0,0
2016-08-07,485,WITHDRAWAL,1800.0,6963.0,3.0,0
2016-08-08,485,WITHDRAWAL,7421.0,14384.0,4.0,0
2016-08-31,485,WITHDRAWAL,100.0,100.0,1.0,0
2016-09-06,485,WITHDRAWAL,1591.0,1591.0,1.0,0
2016-09-07,485,WITHDRAWAL,3572.0,5163.0,2.0,0
2016-09-08,485,WITHDRAWAL,7421.0,12584.0,3.0,0
2016-09-15,485,WITHDRAWAL,18900.0,18900.0,1.0,0
2016-09-30,485,WITHDRAWAL,100.0,100.0,1.0,0
2016-10-06,485,WITHDRAWAL,1591.0,1591.0,1.0,0
2016-10-07,485,WITHDRAWAL,3572.0,5163.0,2.0,0
2016-10-08,485,WITHDRAWAL,7421.0,12584.0,3.0,0
2016-10-15,485,WITHDRAWAL,8900.0,8900.0,1.0,0
2016-10-31,485,WITHDRAWAL,100.0,100.0,1.0,0
2016-11-06,485,WITHDRAWAL,1591.0,1591.0,1.0,0
2016-11-07,485,WITHDRAWAL,3572.0,5163.0,2.0,0
2016-11-08,485,WITHDRAWAL,7421.0,12584.0,3.0,0
2016-11-12,485,WITHDRAWAL,25500.0,32921.0,2.0,0
2016-11-14,485,WITHDRAWAL,9900.0,35400.0,2.0,0
2016-11-14,485,WITHDRAWAL,19100.0,54500.0,3.0,0
2016-11-30,485,WITHDRAWAL,100.0,100.0,1.0,0
2016-12-06,485,WITHDRAWAL,1591.0,1591.0,1.0,0
2016-12-07,485,WITHDRAWAL,3572.0,5163.0,2.0,0
2016-12-08,485,WITHDRAWAL,7421.0,12584.0,3.0,0
2016-12-14,485,WITHDRAWAL,12400.0,12400.0,1.0,0
2016-12-29,485,WITHDRAWAL,4500.0,4500.0,1.0,0
2016-12-31,485,WITHDRAWAL,100.0,4600.0,2.0,0
2017-01-04,485,WITHDRAWAL,7800.0,7900.0,2.0,0
2017-01-06,485,WITHDRAWAL,1591.0,9391.0,2.0,0
2017-01-07,485,WITHDRAWAL,3572.0,12963.0,3.0,0
2017-01-08,485,WITHDRAWAL,7421.0,20384.0,4.0,0
2017-01-08,485,WITHDRAWAL,5100.0,25484.0,5.0,0
2017-01-17,485,WITHDRAWAL,5100.0,5100.0,1.0,0
2017-01-26,485,WITHDRAWAL,8400.0,8400.0,1.0,0
2017-01-30,485,WITHDRAWAL,6300.0,14700.0,2.0,0
2017-01-31,485,WITHDRAWAL,100.0,6400.0,2.0,0
2017-02-06,485,WITHDRAWAL,1591.0,1591.0,1.0,0
2017-02-07,485,WITHDRAWAL,3572.0,5163.0,2.0,0
2017-02-08,485,WITHDRAWAL,7421.0,12584.0,3.0,0
2017-02-28,485,WITHDRAWAL,100.0,100.0,1.0,0
2017-03-06,485,WITHDRAWAL,1591.0,1591.0,1.0,0
2017-03-07,485,WITHDRAWAL,3572.0,5163.0,2.0,0
2017-03-08,485,WITHDRAWAL,7421.0,12584.0,3.0,0
2017-03-31,485,WITHDRAWAL,100.0,100.0,1.0,0
2017-04-01,485,WITHDRAWAL,10800.0,10900.0,2.0,0
2017-04-06,485,WITHDRAWAL,1591.0,1591.0,1.0,0
2017-04-07,485,WITHDRAWAL,3572.0,5163.0,2.0,0
2017-04-08,485,WITHDRAWAL,7421.0,12584.0,3.0,0
2017-04-30,485,WITHDRAWAL,100.0,100.0,1.0,0
2017-05-06,485,WITHDRAWAL,1591.0,1591.0,1.0,0
2017-05-07,485,WITHDRAWAL,3572.0,5163.0,2.0,0
2017-05-08,485,WITHDRAWAL,7421.0,12584.0,3.0,0
2017-05-31,485,WITHDRAWAL,100.0,100.0,1.0,0
2017-06-06,485,WITHDRAWAL,1591.0,1591.0,1.0,0
2017-06-07,485,WITHDRAWAL,3572.0,5163.0,2.0,0
2017-06-08,485,WITHDRAWAL,7421.0,12584.0,3.0,0
2017-06-12,485,WITHDRAWAL,22300.0,29721.0,2.0,0
2017-06-14,485,WITHDRAWAL,3000.0,25300.0,2.0,0
2017-06-15,485,WITHDRAWAL,16800.0,42100.0,3.0,0
2017-06-28,485,WITHDRAWAL,56600.0,56600.0,1.0,0
2017-06-30,485,WITHDRAWAL,100.0,56700.0,2.0,0
2017-07-06,485,WITHDRAWAL,1591.0,1591.0,1.0,0
2017-07-07,485,WITHDRAWAL,3572.0,5163.0,2.0,0
2017-07-08,485,WITHDRAWAL,7421.0,12584.0,3.0,0
2017-07-12,485,WITHDRAWAL,3300.0,10721.0,2.0,0
2017-07-31,485,WITHDRAWAL,100.0,100.0,1.0,0
2017-08-06,485,WITHDRAWAL,1591.0,1591.0,1.0,0
2017-08-06,485,WITHDRAWAL,33900.0,35491.0,2.0,0
2017-08-06,485,WITHDRAWAL,62000.0,97491.0,3.0,0
2017-08-07,485,WITHDRAWAL,3572.0,101063.0,4.0,0
2017-08-08,485,WITHDRAWAL,7421.0,108484.0,5.0,0
2017-08-11,485,WITHDRAWAL,11500.0,22493.0,3.0,0
2017-08-31,485,WITHDRAWAL,100.0,100.0,1.0,0
2017-09-06,485,WITHDRAWAL,1591.0,1591.0,1.0,0
2017-09-07,485,WITHDRAWAL,3572.0,5163.0,2.0,0
2017-09-08,485,WITHDRAWAL,7421.0,12584.0,3.0,0
2017-09-17,485,WITHDRAWAL,11400.0,11400.0,1.0,0
2017-09-30,485,WITHDRAWAL,100.0,100.0,1.0,0
2017-10-06,485,WITHDRAWAL,1591.0,1591.0,1.0,0
2017-10-07,485,WITHDRAWAL,3572.0,5163.0,2.0,0
2017-10-08,485,WITHDRAWAL,7421.0,12584.0,3.0,0
2017-10-31,485,WITHDRAWAL,100.0,100.0,1.0,0
2017-11-06,485,WITHDRAWAL,1591.0,1591.0,1.0,0
2017-11-07,485,WITHDRAWAL,3572.0,5163.0,2.0,0
2017-11-08,485,WITHDRAWAL,7421.0,12584.0,3.0,0
2017-11-30,485,WITHDRAWAL,100.0,100.0,1.0,0
2017-12-06,485,WITHDRAWAL,1591.0,1591.0,1.0,0
2017-12-07,485,WITHDRAWAL,3572.0,5163.0,2.0,0
2017-12-08,485,WITHDRAWAL,7421.0,12584.0,3.0,0
2017-12-09,485,WITHDRAWAL,19500.0,32084.0,4.0,0
2017-12-19,485,WITHDRAWAL,16700.0,16700.0,1.0,0
2017-12-23,485,WITHDRAWAL,10800.0,27500.0,2.0,0
2017-12-25,485,WITHDRAWAL,5700.0,16500.0,2.0,0
2017-12-31,485,WITHDRAWAL,100.0,100.0,1.0,0
2018-01-01,485,WITHDRAWAL,3600.0,3700.0,2.0,0
2018-01-03,485,WITHDRAWAL,6300.0,10000.0,3.0,0
2018-01-06,485,WITHDRAWAL,1591.0,7891.0,2.0,0
2018-01-07,485,WITHDRAWAL,3572.0,11463.0,3.0,0
2018-01-08,485,WITHDRAWAL,7421.0,12584.0,3.0,0
2018-01-08,485,WITHDRAWAL,3300.0,15884.0,4.0,0
2018-01-09,485,WITHDRAWAL,6900.0,22784.0,5.0,0
2018-01-12,485,WITHDRAWAL,6300.0,23921.0,4.0,0
2018-01-18,485,WITHDRAWAL,5400.0,5400.0,1.0,0
2018-01-29,485,WITHDRAWAL,1500.0,1500.0,1.0,0
2018-01-31,485,WITHDRAWAL,100.0,1600.0,2.0,0
2018-02-06,485,WITHDRAWAL,1591.0,1591.0,1.0,0
2018-02-07,485,WITHDRAWAL,3572.0,5163.0,2.0,0
2018-02-08,485,WITHDRAWAL,7421.0,12584.0,3.0,0
2018-02-28,485,WITHDRAWAL,100.0,100.0,1.0,0
2018-03-06,485,WITHDRAWAL,1591.0,1591.0,1.0,0
2018-03-07,485,WITHDRAWAL,3572.0,5163.0,2.0,0
2018-03-08,485,WITHDRAWAL,7421.0,12584.0,3.0,0
2018-03-09,485,WITHDRAWAL,1300.0,13884.0,4.0,0
2018-03-31,485,WITHDRAWAL,100.0,100.0,1.0,0
2018-04-06,485,WITHDRAWAL,1591.0,1591.0,1.0,0
2018-04-07,485,WITHDRAWAL,3572.0,5163.0,2.0,0
2018-04-08,485,WITHDRAWAL,7421.0,12584.0,3.0,0
2018-04-14,485,WITHDRAWAL,3600.0,3600.0,1.0,0
2018-04-27,485,WITHDRAWAL,4200.0,4200.0,1.0,0
2018-04-30,485,WITHDRAWAL,100.0,4300.0,2.0,0
2018-05-06,485,WITHDRAWAL,1591.0,1591.0,1.0,0
2018-05-07,485,WITHDRAWAL,3572.0,5163.0,2.0,0
2018-05-08,485,WITHDRAWAL,7421.0,12584.0,3.0,0
2018-05-08,485,WITHDRAWAL,3100.0,15684.0,4.0,0
2018-05-19,485,WITHDRAWAL,53500.0,53500.0,1.0,0
2018-05-31,485,WITHDRAWAL,100.0,100.0,1.0,0
2018-06-06,485,WITHDRAWAL,1591.0,1591.0,1.0,0
2018-06-07,485,WITHDRAWAL,3572.0,5163.0,2.0,0
2018-06-07,485,WITHDRAWAL,24100.0,29263.0,3.0,0
2018-06-08,485,WITHDRAWAL,7421.0,36684.0,4.0,0
2018-06-23,485,WITHDRAWAL,24000.0,24000.0,1.0,0
2018-06-26,485,WITHDRAWAL,3300.0,27300.0,2.0,0
2018-06-30,485,WITHDRAWAL,100.0,3400.0,2.0,0
2018-07-06,485,WITHDRAWAL,1591.0,1591.0,1.0,0
2018-07-07,485,WITHDRAWAL,3572.0,5163.0,2.0,0
2018-07-07,485,WITHDRAWAL,16000.0,21163.0,3.0,0
2018-07-08,485,WITHDRAWAL,7421.0,28584.0,4.0,0
2018-07-08,485,WITHDRAWAL,14400.0,42984.0,5.0,0
2018-07-31,485,WITHDRAWAL,100.0,100.0,1.0,0
2018-08-06,485,WITHDRAWAL,1591.0,1591.0,1.0,0
2018-08-07,485,WITHDRAWAL,3572.0,5163.0,2.0,0
2018-08-08,485,WITHDRAWAL,7421.0,12584.0,3.0,0
2018-08-31,485,WITHDRAWAL,100.0,100.0,1.0,0
2018-09-05,485,WITHDRAWAL,63800.0,63800.0,1.0,0
2018-09-05,485,WITHDRAWAL,12600.0,76400.0,2.0,0
2018-09-06,485,WITHDRAWAL,1591.0,77991.0,3.0,0
2018-09-07,485,WITHDRAWAL,3572.0,81563.0,4.0,0
2018-09-08,485,WITHDRAWAL,7421.0,88984.0,5.0,0
2018-09-30,485,WITHDRAWAL,100.0,100.0,1.0,0
2018-10-06,485,WITHDRAWAL,1591.0,1591.0,1.0,0
2018-10-07,485,WITHDRAWAL,3572.0,5163.0,2.0,0
2018-10-08,485,WITHDRAWAL,7421.0,12584.0,3.0,0
2018-10-31,485,WITHDRAWAL,100.0,100.0,1.0,0
2018-11-04,485,WITHDRAWAL,32200.0,32300.0,2.0,0
2018-11-06,485,WITHDRAWAL,1591.0,33791.0,2.0,0
2018-11-07,485,WITHDRAWAL,3572.0,37363.0,3.0,0
2018-11-08,485,WITHDRAWAL,7421.0,44784.0,4.0,0
2018-11-30,485,WITHDRAWAL,100.0,100.0,1.0,0
2018-12-02,485,WITHDRAWAL,6000.0,6100.0,2.0,0
2018-12-04,485,WITHDRAWAL,10900.0,17000.0,3.0,0
2018-12-06,485,WITHDRAWAL,1591.0,18491.0,3.0,0
2018-12-07,485,WITHDRAWAL,3572.0,16063.0,3.0,0
2018-12-08,485,WITHDRAWAL,7421.0,23484.0,4.0,0
